Workbook
Name PayRules: #REF!

Sheet Summary
B2: Version 1.0
B3: HOME PAGE | C3: Home & UI Validation | D3: Counter Validation | E3: Card Content Validation & Interaction | F3: Performance & Stability Testing | G3: Back Navigation | H3: Bottom Navigation Bar | I3: Performers Section
B4: Verify that the Home screen loads successfully | C4: ='TestScenario(1)'!$H$10 -> FAILED
B5: Verify that category cards are displayed properly | C5: ='TestScenario(2)'!$H$10 -> FAILED
B6: Verify that each card displays correct image and title | E6: ='TestScenario(3)'!$H$10 -> PASSED
B7: Verify that Arabic text is displayed correctly | E7: ='TestScenario(4)'!$H$10 -> PASSED
B8: Verify that tapping a card navigates to the corresponding detail page | E8: ='TestScenario(5)'!$H$10 -> PASSED
B9: Verify that multiple taps on a card do not cause application crash | E9: ='TestScenario(6)'!$H$10 -> PASSED
B10: Verify that category cards scroll horizontally and vertically | C10: ='TestScenario(7)'!$H$10 -> PASSED
B11: Verify that scroll position is maintained | C11: ='TestScenario(8)'!$H$10 -> PASSED
B12: Verify that category count indicator displays correct number | D12: ='TestScenario(9)'!$H$10 -> PASSED
B13: Verify that bottom navigation menu is visible | H13: ='TestScenario(10)'!$H$10 -> PASSED
B14: Verify that clicking each bottom navigation option redirects correctly | H14: ='TestScenario(11)'!$H$10 -> PASSED
B15: Verify that the page will redirect to the exact page when clicking the count number | D15: ='TestScenario(12)'!$H$10 -> PASSED
B16: Verify that clicking the back button navigates to previous screen | G16: ='TestScenario(13)'!$H$10 -> PASSED
B17: Verify that images load without distortion | C17: ='TestScenario(14)'!$H$10 -> PASSED
B18: Verify placeholder is shown if image fails to load | C18: ='TestScenario(15)'!$H$10 -> PASSED
B19: Verify that scrolling performance is smooth | F19: ='TestScenario(16)'!$H$10 -> PASSED
B20: Verify screen loads under slow network | F20: ='TestScenario(17)'!$H$10 -> PASSED
B21: Verify screen orientation handling | C21: ='TestScenario(18)'!$H$10 -> PASSED
B22: Verify that rapid scrolling and navigation do not crash the app | F22: ='TestScenario(19)'!$H$10 -> PASSED
B23: Verify that the Performers section title is displayed correctly | I23: ='TestScenario(170)'!$H$10 -> FAILED
B24: Verify that performer profile images are displayed correctly | H24: Need to test next build | I24: ='TestScenario(171)'!$H$10 -> NOT TESTED
B25: Verify that performer name is displayed below image | I25: ='TestScenario(172)'!$H$10 -> NOT TESTED
B26: Verify that number of songs is displayed correctly | I26: ='TestScenario(173)'!$H$10 -> NOT TESTED
B27: Verify that clicking a performer opens performer detail page | I27: ='TestScenario(174)'!$H$10 -> NOT TESTED
B28: Verify that correct performer details load | I28: ='TestScenario(175)'!$H$10 -> NOT TESTED
B29: Verify that horizontal scrolling works if performers exceed screen width | I29: ='TestScenario(176)'!$H$10 -> NOT TESTED
B30: Verify behavior when performer name is long | I30: ='TestScenario(177)'!$H$10 -> NOT TESTED
B31: Verify consistent spacing between performer cards | I31: ='TestScenario(178)'!$H$10 -> NOT TESTED
B32: Verify that the login page loads successfully | C32: ='TestScenario(179)'!$H$10 -> FAILED
B34: MENU | C34: Menu Opening & Closing Validation | D34: Navigation Functionality | E34: Menu UI Elements Validation | F34: Bottom Menu Section | G34: Performance Testing | H34: Session & User State
B35: Verify that clicking the menu icon opens the side navigation drawer | C35: ='TestScenario(20)'!$H$10 -> PASSED
B36: Verify that menu opens with animation | C36: ='TestScenario(21)'!$H$10 -> PASSED
B37: Verify that all menu options are displayed correctly | E37: ='TestScenario(22)'!$H$10 -> PASSED
B38: Verify that user profile information is displayed | E38: ='TestScenario(23)'!$H$10 -> PASSED
B39: Verify that clicking Home navigates to Home screen | D39: ='TestScenario(24)'!$H$10 -> PASSED
B40: Verify that clicking Log navigates to activity/log screen | D40: ='TestScenario(25)'!$H$10 -> PASSED
B41: Verify that clicking Favorites navigates to favorites screen | D41: ='TestScenario(26)'!$H$10 -> FAILED
B42: Verify that clicking View All displays all available content | D42: ='TestScenario(27)'!$H$10 -> PASSED
B43: Verify that tapping outside the menu closes the drawer | C43: ='TestScenario(28)'!$H$10 -> PASSED
B44: Verify that swipe gesture closes the menu | C44: ='TestScenario(29)'!$H$10 -> PASSED
B45: Verify that pressing device back button closes the menu | C45: ='TestScenario(30)'!$H$10 -> PASSED
B46: Verify that settings icon is clickable | F46: ='TestScenario(31)'!$H$10 -> PASSED
B47: Verify that user profile icon opens profile page | F47: ='TestScenario(32)'!$H$10 -> PASSED
B48: Verify that background content is not clickable when menu is open | C48: ='TestScenario(33)'!$H$10 -> PASSED
B49: Verify menu opens without delay | G49: ='TestScenario(34)'!$H$10 -> PASSED
B50: Verify rapid open/close actions do not crash application | G50: ='TestScenario(35)'!$H$10 -> PASSED
B51: Verify logged-in username updates dynamically | G51: Need to test next build | H51: ='TestScenario(36)'!$H$10 -> NOT TESTED
B53: SETTINGS | C53: Settings Screen Opening | D53: Dark Mode Toggle | E53: Font Size Feature & Close Button | F53: Notifications & HapticToggle | G53: Logout Functionality | H53: UI & Accessibility Validation
B54: Verify that clicking the Settings icon opens the Settings screen | C54: ='TestScenario(37)'!$H$10 -> PASSED
B55: Verify that Settings screen loads without delay | C55: ='TestScenario(38)'!$H$10 -> PASSED
B56: Verify that logged-in username is displayed correctly | C56: ='TestScenario(39)'!$H$10 -> NOT TESTED | D56: Need to test next build
B57: Verify that registered email ID is displayed | C57: ='TestScenario(40)'!$H$10 -> PASSED
B58: Verify that clicking the close (X) button closes the Settings screen | E58: ='TestScenario(41)'!$H$10 -> PASSED
B59: Verify that adjusting Font Size slider changes application text size | E59: ='TestScenario(42)'!$H$10 -> PASSED
B60: Verify that selected font size persists after app restart | E60: ='TestScenario(43)'!$H$10 -> PASSED
B61: Verify that enabling Dark Mode changes application theme | D61: ='TestScenario(44)'!$H$10 -> PASSED
B62: Verify that disabling Dark Mode restores light theme | D62: ='TestScenario(45)'!$H$10 -> PASSED
B63: Verify Dark Mode preference is saved | D63: ='TestScenario(46)'!$H$10 -> PASSED
B64: Verify that enabling Notifications allows app notifications | E64: Need to test next build | F64: ='TestScenario(47)'!$H$10 -> NOT TESTED
B65: Verify that disabling Notifications blocks notifications | E65: Need to test next build | F65: ='TestScenario(48)'!$H$10 -> NOT TESTED
B66: Verify that enabling Haptic Touch activates vibration feedback | F66: ='TestScenario(49)'!$H$10 -> PASSED
B67: Verify disabling Haptic Touch removes vibration feedback | F67: ='TestScenario(50)'!$H$10 -> FAILED
B68: Verify that application version is displayed correctly | C68: ='TestScenario(51)'!$H$10 -> PASSED
B69: Verify that clicking Clear Search History removes search records | C69: ='TestScenario(52)'!$H$10 -> FAILED
B70: Verify confirmation behavior while clearing history | C70: ='TestScenario(53)'!$H$10 -> PASSED
B71: Verify that clicking Log Out logs out the user | G71: ='TestScenario(54)'!$H$10 -> FAILED
B72: Verify logout clears user session data | F72: Need to test next build | G72: ='TestScenario(55)'!$H$10 -> NOT TESTED
B73: Verify all toggles change state visually | H73: ='TestScenario(56)'!$H$10 -> PASSED
B74: Verify icons and labels alignment | H74: ='TestScenario(57)'!$H$10 -> PASSED
B75: Verify rapid toggle switching does not crash application | H75: ='TestScenario(58)'!$H$10 -> PASSED
B77: ADVANCED SEARCH | C77: Screen Loading & UI Validation | D77: Search Bar Functionality | E77: Poetry Category Buttons | F77: Voice Search Functionality | G77: Performance& Accessibility Testing | H77: Bottom Navigation Bar
B78: Verify that Diwan home screen loads successfully | C78: ='TestScenario(59)'!$H$10 -> PASSED
B79: Verify that Diwan logo is displayed correctly | C79: ='TestScenario(60)'!$H$10 -> PASSED
B80: Verify that poetry description text is displayed | E80: ='TestScenario(61)'!$H$10 -> PASSED
B81: Verify that all poetry category buttons are displayed | E81: ='TestScenario(62)'!$H$10 -> PASSED
B82: Verify that clicking a poetry category navigates to corresponding poems | E82: ='TestScenario(63)'!$H$10 -> FAILED
B83: Verify selected category highlights visually | E83: ='TestScenario(64)'!$H$10 -> PASSED
B84: Verify multiple rapid category clicks do not crash app | E84: ='TestScenario(65)'!$H$10 -> PASSED
B85: Verify that search input field is clickable | D85: ='TestScenario(66)'!$H$10 -> PASSED
B86: Verify that user can enter search keywords | D86: ='TestScenario(67)'!$H$10 -> PASSED
B87: Verify search results appear based on keyword | D87: ='TestScenario(68)'!$H$10 -> FAILED
B88: Verify empty search behavior | D88: ='TestScenario(69)'!$H$10 -> PASSED
B89: Verify that microphone icon activates voice search | F89: ='TestScenario(70)'!$H$10 -> PASSED
B90: Verify spoken input converts to search text | E90: Need to test next build | F90: ='TestScenario(71)'!$H$10 -> NOT TESTED
B91: Verify microphone permission handling | F91: ='TestScenario(72)'!$H$10 -> PASSED
B92: Verify that Menu button opens navigation menu | H92: ='TestScenario(73)'!$H$10 -> PASSED
B93: Verify that Advanced Search opens advanced filtering screen | H93: ='TestScenario(74)'!$H$10 -> FAILED
B94: Verify that Poems button navigates to poems listing | H94: ='TestScenario(75)'!$H$10 -> PASSED
B95: Verify categories alignment and spacing | C95: ='TestScenario(76)'!$H$10 -> PASSED
B96: Verify screen loads within acceptable time | G96: ='TestScenario(77)'!$H$10 -> PASSED
B97: Verify scrolling performance | G97: ='TestScenario(78)'!$H$10 -> PASSED
B98: Verify buttons are easily tappable | G98: ='TestScenario(79)'!$H$10 -> PASSED
B99: Verify text readability in Dark Mode | G99: ='TestScenario(80)'!$H$10 -> PASSED
B100: Verify that voice playback bar UI elements are displayed correctly | F100: ='TestScenario(81)'!$H$10 -> PASSED
B101: Verify that clicking the close (X) button closes voice playback | F101: ='TestScenario(82)'!$H$10 -> PASSED
B102: Verify waveform progress updates during playback | F102: ='TestScenario(83)'!$H$10 -> PASSED
B103: Verify Up arrow mark buttons are tappable and entering a valid keyword and clicking search displays relevant results | F103: ='TestScenario(84)'!$H$10 -> PASSED
B104: Verify that voice playback timer increases during audio play | F104: ='TestScenario(85)'!$H$10 -> FAILED
...

Sheet TestScenario(1)
D9: TEST CASE | E9: Verify that the Home screen loads successfully | F9: TEST SCENARIO | G9: Screen Loading & UI Validation | H9: STATUS
D10: EXPECTED RESULTS | E10: Screen loads without delay or crash. All UI components display correctly. | F10: STEPS | G10: Launch the mobile application. Navigate to the Home/category/cards screen. | H10: FAILED
D11: COMMENTS | E11: Home screen main banner image not displayed
F17: BACK

Sheet TestScenario(2)
D9: TEST CASE | E9: Verify that category cards are displayed properly | F9: TEST SCENARIO | G9: Screen Loading & UI Validation | H9: STATUS
D10: EXPECTED RESULTS | E10: Cards appear in grid layout. Images, titles, and subtitles are visible. No UI overlap or distortion occurs. | F10: STEPS | G10: Open the category screen. Observe displayed cards. | H10: FAILED
D11: COMMENTS | E11: Square Brackets [ ] Displayed with Category Title
F17: BACK

Sheet TestScenario(3)
D9: TEST CASE | E9: Verify that each card displays correct image and title | F9: TEST SCENARIO | G9: Card Content Validation & Interaction | H9: STATUS
D10: EXPECTED RESULTS | E10: Correct image is shown. Text matches respective category. | F10: STEPS | G10: View all available cards. Compare image and title. | H10: PASSED
D11: COMMENTS
F17: BACK

Sheet TestScenario(4)
D9: TEST CASE | E9: Verify that Arabic text is displayed correctly | F9: TEST SCENARIO | G9: Card Content Validation & Interaction | H9: STATUS
D10: EXPECTED RESULTS | E10: Arabic text renders properly. No broken characters or alignment issues. | F10: STEPS | G10: Observe Arabic labels on cards. | H10: PASSED
D11: COMMENTS
F17: BACK

Sheet TestScenario(5)
D9: TEST CASE | E9: Verify that tapping a card navigates to the corresponding detail page | F9: TEST SCENARIO | G9: Card Content Validation & Interaction | H9: STATUS
D10: EXPECTED RESULTS | E10: User navigates to correct category/detail screen. | F10: STEPS | G10: Tap any category card. | H10: PASSED
D11: COMMENTS
F17: BACK

Sheet TestScenario(6)
D9: TEST CASE | E9: Verify that multiple taps on a card do not cause application crash | F9: TEST SCENARIO | G9: Card Content Validation & Interaction | H9: STATUS
D10: EXPECTED RESULTS | E10: Only one navigation occurs. App remains stable. | F10: STEPS | G10: Tap a card repeatedly. | H10: PASSED
D11: COMMENTS
F17: BACK

Sheet TestScenario(7)
D9: TEST CASE | E9: Verify that category cards scroll horizontally and vertically | F9: TEST SCENARIO | G9: Screen Loading & UI Validation | H9: STATUS
D10: EXPECTED RESULTS | E10: Cards scroll smoothly. No lag or UI break. | F10: STEPS | G10: Swipe left/right on card section. | H10: PASSED
D11: COMMENTS
F17: BACK

Sheet TestScenario(8)
D9: TEST CASE | E9: Verify that scroll position is maintained | F9: TEST SCENARIO | G9: Screen Loading & UI Validation | H9: STATUS
D10: EXPECTED RESULTS | E10: Previous scroll position remains saved (if expected behavior). | F10: STEPS | G10: Scroll horizontally. Navigate back. Return to screen. | H10: PASSED
D11: COMMENTS
F17: BACK

Sheet TestScenario(9)
D9: TEST CASE | E9: Verify that category count indicator displays correct number | F9: TEST SCENARIO | G9: Counter Validation &Bottom Navigation Bar | H9: STATUS
D10: EXPECTED RESULTS | E10: Count matches available items. | F10: STEPS | G10: Observe number badge (e.g., 7, 13, 9). | H10: PASSED
D11: COMMENTS
F17: BACK

Sheet TestScenario(10)
D9: TEST CASE | E9: Verify that bottom navigation menu is visible | F9: TEST SCENARIO | G9: Counter Validation &Bottom Navigation Bar | H9: STATUS
D10: EXPECTED RESULTS | E10: Navigation icons display properly. | F10: STEPS | G10: Open screen. | H10: PASSED
D11: COMMENTS
F17: BACK

Sheet TestScenario(11)
D9: TEST CASE | E9: Verify that clicking each bottom navigation option redirects correctly | F9: TEST SCENARIO | G9: Counter Validation &Bottom Navigation Bar | H9: STATUS
D10: EXPECTED RESULTS | E10: User navigates to respective module. | F10: STEPS | G10: Tap each navigation icon. | H10: PASSED
D11: COMMENTS
F17: BACK

Sheet TestScenario(12)
D9: TEST CASE | E9: Verify that the page will redirect to the exact page when clicking the count number | F9: TEST SCENARIO | G9: Counter Validation &Bottom Navigation Bar | H9: STATUS
D10: EXPECTED RESULTS | E10: The page should redirect to the exact page when clicking the count number | F10: STEPS | G10: Click the count number and observe | H10: PASSED
D11: COMMENTS
F17: BACK

Sheet TestScenario(13)
D9: TEST CASE | E9: Verify that clicking the back button navigates to previous screen | F9: TEST SCENARIO | G9: Home & UI Validation | H9: STATUS
D10: EXPECTED RESULTS | E10: Previous page opens successfully. | F10: STEPS | G10: Tap back arrow. | H10: PASSED
D11: COMMENTS
F17: BACK

Sheet TestScenario(14)
D9: TEST CASE | E9: Verify that images load without distortion | F9: TEST SCENARIO | G9: Home & UI Validation | H9: STATUS
D10: EXPECTED RESULTS | E10: Images maintain aspect ratio. No stretching or pixelation. | F10: STEPS | G10: Observe all cards. | H10: PASSED
D11: COMMENTS
F17: BACK

Sheet TestScenario(15)
D9: TEST CASE | E9: Verify placeholder is shown if image fails to load | F9: TEST SCENARIO | G9: Home & UI Validation | H9: STATUS
D10: EXPECTED RESULTS | E10: Default placeholder image appears. | F10: STEPS | G10: Disable internet. Reload screen. | H10: PASSED
D11: COMMENTS
F17: BACK

Sheet TestScenario(16)
D9: TEST CASE | E9: Verify that scrolling performance is smooth | F9: TEST SCENARIO | G9: Home & UI Validation | H9: STATUS
D10: EXPECTED RESULTS | E10: No frame drop or lag. | F10: STEPS | G10: Scroll continuously. | H10: PASSED
D11: COMMENTS
F17: BACK

Sheet TestScenario(17)
D9: TEST CASE | E9: Verify screen loads under slow network | F9: TEST SCENARIO | G9: Home & UI Validation | H9: STATUS
D10: EXPECTED RESULTS | E10: Loader displayed. Content loads progressively. | F10: STEPS | G10: Use slow network. Open screen. | H10: PASSED
D11: COMMENTS
F17: BACK

Sheet TestScenario(18)
D9: TEST CASE | E9: Verify screen orientation handling | F9: TEST SCENARIO | G9: Home & UI Validation | H9: STATUS
D10: EXPECTED RESULTS | E10: UI adjusts correctly without breaking layout. | F10: STEPS | G10: Rotate device. | H10: PASSED
D11: COMMENTS | E11: not applicable
F17: BACK

Sheet TestScenario(19)
D9: TEST CASE | E9: Verify that rapid scrolling and navigation do not crash the app | F9: TEST SCENARIO | G9: Performance and Stability testong | H9: STATUS
D10: EXPECTED RESULTS | E10: Application remains stable. | F10: STEPS | G10: Scroll quickly. Open multiple cards. | H10: PASSED
D11: COMMENTS
F17: BACK

Sheet TestScenario(20)
D9: TEST CASE | E9: Verify that clicking the menu icon opens the side navigation drawer | F9: TEST SCENARIO | G9: Menu Opening Validation | H9: STATUS
D10: EXPECTED RESULTS | E10: Side menu opens smoothly from the side. Background screen becomes dimmed. | F10: STEPS | G10: Launch the mobile application. Tap the Menu icon. | H10: PASSED
D11: COMMENTS
F17: BACK

Sheet TestScenario(21)
D9: TEST CASE | E9: Verify that menu opens with animation | F9: TEST SCENARIO | G9: Menu Opening Validation | H9: STATUS
D10: EXPECTED RESULTS | E10: Drawer slides smoothly. No UI lag or flicker occurs. | F10: STEPS | G10: Tap menu icon. | H10: PASSED
D11: COMMENTS
F17: BACK

Sheet TestScenario(22)
D9: TEST CASE | E9: Verify that all menu options are displayed correctly | F9: TEST SCENARIO | G9: Menu UI Elements Validation | H9: STATUS
D10: EXPECTED RESULTS | E10: Following options appear: Home Log Favorites View All, Clear Icons and labels align properly. | F10: STEPS | G10: Open side menu. Observe menu items. | H10: PASSED
D11: COMMENTS
F17: BACK

Sheet TestScenario(23)
D9: TEST CASE | E9: Verify that user profile information is displayed | F9: TEST SCENARIO | G9: Menu UI Elements Validation | H9: STATUS
D10: EXPECTED RESULTS | E10: Username (e.g., Youssef Omar) is visible. Profile icon displays correctly. | F10: STEPS | G10: Open menu. Check bottom section. | H10: PASSED
D11: COMMENTS
F17: BACK

Sheet TestScenario(24)
D9: TEST CASE | E9: Verify that clicking Home navigates to Home screen | F9: TEST SCENARIO | G9: Navigation Functionality | H9: STATUS
D10: EXPECTED RESULTS | E10: User redirected to Home screen. Menu closes automatically. | F10: STEPS | G10: Open side menu. Tap Home. | H10: PASSED
D11: COMMENTS
F17: BACK

Sheet TestScenario(25)
D9: TEST CASE | E9: Verify that clicking Log navigates to activity/log screen | F9: TEST SCENARIO | G9: Navigation Functionality | H9: STATUS
D10: EXPECTED RESULTS | E10: Log page opens successfully. | F10: STEPS | G10: Tap Log option. | H10: PASSED
D11: COMMENTS
F17: BACK

Sheet TestScenario(26)
D9: TEST CASE | E9: Verify that clicking Favorites navigates to favorites screen | F9: TEST SCENARIO | G9: Navigation Functionality | H9: STATUS
D10: EXPECTED RESULTS | E10: Favorite items page loads. | F10: STEPS | G10: Tap Favorites. | H10: FAILED
D11: COMMENTS | E11: Favorite List Items Remain Selected After Navigation When the user long presses on a list item (entering selection mode) and then navigates to the Favorites screen, upon returning to the previous screen, the previously selected items remain highlighted/selected.
F17: BACK

Sheet TestScenario(27)
D9: TEST CASE | E9: Verify that clicking View All displays all available content | F9: TEST SCENARIO | G9: Navigation Functionality | H9: STATUS
D10: EXPECTED RESULTS | E10: Full listing screen opens. | F10: STEPS | G10: Tap View All. | H10: PASSED
D11: COMMENTS
F17: BACK

Sheet TestScenario(28)
D9: TEST CASE | E9: Verify that tapping outside the menu closes the drawer | F9: TEST SCENARIO | G9: Menu Opening & Closing Validation | H9: STATUS
D10: EXPECTED RESULTS | E10: Menu closes successfully. | F10: STEPS | G10: Open side menu. Tap dimmed background. | H10: PASSED
D11: COMMENTS
F17: BACK

Sheet TestScenario(29)
D9: TEST CASE | E9: Verify that swipe gesture closes the menu | F9: TEST SCENARIO | G9: Menu Opening & Closing Validation | H9: STATUS
D10: EXPECTED RESULTS | E10: Drawer closes smoothly. | F10: STEPS | G10: Open menu. Swipe menu toward screen edge. | H10: PASSED
D11: COMMENTS | E11: Not applicable
F17: BACK

Sheet TestScenario(30)
D9: TEST CASE | E9: Verify that pressing device back button closes the menu | F9: TEST SCENARIO | G9: Menu Opening & Closing Validation | H9: STATUS
D10: EXPECTED RESULTS | E10: Menu closes instead of exiting app. | F10: STEPS | G10: Open side menu. Press mobile back button. | H10: PASSED
D11: COMMENTS
F17: BACK

Sheet TestScenario(31)
D9: TEST CASE | E9: Verify that settings icon is clickable | F9: TEST SCENARIO | G9: Bottom Menu Section | H9: STATUS
D10: EXPECTED RESULTS | E10: Settings screen opens. | F10: STEPS | G10: Tap settings icon. | H10: PASSED
D11: COMMENTS
F17: BACK

Sheet TestScenario(32)
D9: TEST CASE | E9: Verify that user profile icon opens profile page | F9: TEST SCENARIO | G9: Bottom Menu Section | H9: STATUS
D10: EXPECTED RESULTS | E10: Profile/account screen opens. | F10: STEPS | G10: Tap profile avatar. | H10: PASSED
D11: COMMENTS
F17: BACK

Sheet TestScenario(33)
D9: TEST CASE | E9: Verify that background content is not clickable when menu is open | F9: TEST SCENARIO | G9: Menu Opening & Closing Validation | H9: STATUS
D10: EXPECTED RESULTS | E10: Background interaction is disabled. | F10: STEPS | G10: Open side menu. Tap background cards. | H10: PASSED
D11: COMMENTS
F17: BACK

Sheet TestScenario(34)
D9: TEST CASE | E9: Verify menu opens without delay | F9: TEST SCENARIO | G9: Performance Testing | H9: STATUS
D10: EXPECTED RESULTS | E10: Menu opens instantly. No freezing occurs. | F10: STEPS | G10: Tap menu repeatedly. | H10: PASSED
D11: COMMENTS
F17: BACK

Sheet TestScenario(35)
D9: TEST CASE | E9: Verify rapid open/close actions do not crash application | F9: TEST SCENARIO | G9: Performance Testing | H9: STATUS
D10: EXPECTED RESULTS | E10: App remains stable. | F10: STEPS | G10: Open and close menu multiple times quickly. | H10: PASSED
D11: COMMENTS
F17: BACK

Sheet TestScenario(36)
D9: TEST CASE | E9: Verify logged-in username updates dynamically | F9: TEST SCENARIO | G9: Session & User State | H9: STATUS
D10: EXPECTED RESULTS | E10: Updated username displayed. | F10: STEPS | G10: Login with different user. Open menu. | H10: NOT TESTED
D11: COMMENTS
F17: BACK

Sheet TestScenario(37)
D9: TEST CASE | E9: Verify that clicking the Settings icon opens the Settings screen | F9: TEST SCENARIO | G9: Settings Screen Opening | H9: STATUS
D10: EXPECTED RESULTS | E10: Settings screen opens successfully. User details are displayed. | F10: STEPS | G10: Launch the application. Open side menu. Tap Settings icon. | H10: PASSED
D11: COMMENTS
F17: BACK

Sheet TestScenario(38)
D9: TEST CASE | E9: Verify that Settings screen loads without delay | F9: TEST SCENARIO | G9: Settings Screen Opening | H9: STATUS
D10: EXPECTED RESULTS | E10: Screen loads smoothly without lag. | F10: STEPS | G10: Navigate to Settings. | H10: PASSED
D11: COMMENTS
F17: BACK

Sheet TestScenario(39)
D9: TEST CASE | E9: Verify that logged-in username is displayed correctly | F9: TEST SCENARIO | G9: Settings Screen Opening | H9: STATUS
D10: EXPECTED RESULTS | E10: Correct username is shown. | F10: STEPS | G10: Open Settings screen. Observe username section. | H10: NOT TESTED
D11: COMMENTS
F17: BACK

Sheet TestScenario(40)
D9: TEST CASE | E9: Verify that registered email ID is displayed | F9: TEST SCENARIO | G9: Settings Screen Opening | H9: STATUS
D10: EXPECTED RESULTS | E10: Logged-in user email appears correctly. | F10: STEPS | G10: Check email section. | H10: PASSED
D11: COMMENTS
F17: BACK

Sheet TestScenario(41)
D9: TEST CASE | E9: Verify that clicking the close (X) button closes the Settings screen | F9: TEST SCENARIO | G9: Font Size Feature & Close Button | H9: STATUS
D10: EXPECTED RESULTS | E10: Settings screen closes. Previous screen appears. | F10: STEPS | G10: Tap Close icon. | H10: PASSED
D11: COMMENTS
F17: BACK

Sheet TestScenario(42)
D9: TEST CASE | E9: Verify that adjusting Font Size slider changes application text size | F9: TEST SCENARIO | G9: Font Size Feature & Close Button | H9: STATUS
D10: EXPECTED RESULTS | E10: Font size increases/decreases accordingly. | F10: STEPS | G10: Move Font Size slider. Navigate to another page. | H10: PASSED
D11: COMMENTS
F17: BACK

Sheet TestScenario(43)
D9: TEST CASE | E9: Verify that selected font size persists after app restart | F9: TEST SCENARIO | G9: Font Size Feature & Close Button | H9: STATUS
D10: EXPECTED RESULTS | E10: Selected font size remains applied. | F10: STEPS | G10: Change font size. Close and reopen app. | H10: PASSED
D11: COMMENTS
F17: BACK

Sheet TestScenario(44)
D9: TEST CASE | E9: Verify that enabling Dark Mode changes application theme | F9: TEST SCENARIO | G9: Dark Mode Toggle | H9: STATUS
D10: EXPECTED RESULTS | E10: App switches to dark theme instantly. | F10: STEPS | G10: Enable Dark Mode toggle. | H10: PASSED
D11: COMMENTS
F17: BACK

Sheet TestScenario(45)
D9: TEST CASE | E9: Verify that disabling Dark Mode restores light theme | F9: TEST SCENARIO | G9: Dark Mode Toggle | H9: STATUS
D10: EXPECTED RESULTS | E10: Light theme applied. | F10: STEPS | G10: Turn OFF Dark Mode. | H10: PASSED
D11: COMMENTS
F17: BACK

Sheet TestScenario(46)
D9: TEST CASE | E9: Verify Dark Mode preference is saved | F9: TEST SCENARIO | G9: Dark Mode Toggle | H9: STATUS
D10: EXPECTED RESULTS | E10: Dark mode remains enabled. | F10: STEPS | G10: Enable Dark Mode. Restart application. | H10: PASSED
D11: COMMENTS
F17: BACK

Sheet TestScenario(47)
D9: TEST CASE | E9: Verify that enabling Notifications allows app notifications | F9: TEST SCENARIO | G9: Notifications & HapticToggle | H9: STATUS
D10: EXPECTED RESULTS | E10: Notifications permission enabled. | F10: STEPS | G10: Turn ON Notifications toggle. | H10: NOT TESTED
D11: COMMENTS
F17: BACK

Sheet TestScenario(48)
D9: TEST CASE | E9: Verify that disabling Notifications blocks notifications | F9: TEST SCENARIO | G9: Notifications & HapticToggle | H9: STATUS
D10: EXPECTED RESULTS | E10: App notifications stop. | F10: STEPS | G10: Turn OFF Notifications. | H10: NOT TESTED
D11: COMMENTS
F17: BACK

Sheet TestScenario(49)
D9: TEST CASE | E9: Verify that enabling Haptic Touch activates vibration feedback | F9: TEST SCENARIO | G9: Notifications & HapticToggle | H9: STATUS
D10: EXPECTED RESULTS | E10: Device vibrates on interaction. | F10: STEPS | G10: Enable Haptic Touch. Tap buttons across app. | H10: PASSED
D11: COMMENTS
F17: BACK

Sheet TestScenario(50)
D9: TEST CASE | E9: Device vibrates on interaction. | F9: TEST SCENARIO | G9: Notifications & HapticToggle | H9: STATUS
D10: EXPECTED RESULTS | E10: No vibration occurs. | F10: STEPS | G10: Disable haptic toggle. | H10: FAILED
D11: COMMENTS | E11: Vibration Occurs Even When Haptic Toggle Is Disabled
F17: BACK

Sheet TestScenario(51)
D9: TEST CASE | E9: Verify that application version is displayed correctly | F9: TEST SCENARIO | G9: Settings Screen Opening | H9: STATUS
D10: EXPECTED RESULTS | E10: Correct version number shown (e.g., v1.0). | F10: STEPS | G10: View App Version section. | H10: PASSED
D11: COMMENTS
F17: BACK

Sheet TestScenario(52)
D9: TEST CASE | E9: Verify that clicking Clear Search History removes search records | F9: TEST SCENARIO | G9: Settings Screen Opening | H9: STATUS
D10: EXPECTED RESULTS | E10: Search history is deleted. | F10: STEPS | G10: Perform searches. Tap Clear Search History. | H10: FAILED
D11: COMMENTS | E11: Clear Search History Does Not Remove Search Records
F17: BACK

Sheet TestScenario(53)
D9: TEST CASE | E9: Verify confirmation behavior while clearing history | F9: TEST SCENARIO | G9: Settings Screen Opening | H9: STATUS
D10: EXPECTED RESULTS | E10: Confirmation popup appears (if applicable). | F10: STEPS | G10: Click Clear Search History. | H10: PASSED
D11: COMMENTS
F17: BACK

Sheet TestScenario(54)
D9: TEST CASE | E9: Verify that clicking Log Out logs out the user | F9: TEST SCENARIO | G9: Logout Functionality | H9: STATUS
D10: EXPECTED RESULTS | E10: User session ends. Login screen displayed. | F10: STEPS | G10: Tap Log Out. | H10: FAILED
D11: COMMENTS | E11: Logout Functionality Not Working
F17: BACK

Sheet TestScenario(55)
D9: TEST CASE | E9: Verify logout clears user session data | F9: TEST SCENARIO | G9: Logout Functionality | H9: STATUS
D10: EXPECTED RESULTS | E10: User remains logged out. | F10: STEPS | G10: Logout. Relaunch app. | H10: NOT TESTED
D11: COMMENTS
F17: BACK

Sheet TestScenario(56)
D9: TEST CASE | E9: Verify all toggles change state visually | F9: TEST SCENARIO | G9: UI & Accessibility Validation | H9: STATUS
D10: EXPECTED RESULTS | E10: Toggle color/state updates correctly. | F10: STEPS | G10: Enable/Disable each toggle. | H10: PASSED
D11: COMMENTS
F17: BACK

Sheet TestScenario(57)
D9: TEST CASE | E9: Verify icons and labels alignment | F9: TEST SCENARIO | G9: UI & Accessibility Validation | H9: STATUS
D10: EXPECTED RESULTS | E10: Icons aligned properly. No overlapping text. | F10: STEPS | G10: Observe Settings layout. | H10: PASSED
D11: COMMENTS
F17: BACK

Sheet TestScenario(58)
D9: TEST CASE | E9: Verify rapid toggle switching does not crash application | F9: TEST SCENARIO | G9: UI & Accessibility Validation | H9: STATUS
D10: EXPECTED RESULTS | E10: App remains stable. | F10: STEPS | G10: Quickly toggle options repeatedly. | H10: PASSED
D11: COMMENTS
F17: BACK

Sheet TestScenario(59)
D9: TEST CASE | E9: Verify that Diwan home screen loads successfully | F9: TEST SCENARIO | G9: Screen Loading & UI Validation | H9: STATUS
D10: EXPECTED RESULTS | E10: Diwan screen loads without errors. Logo, description, categories, and search bar appear. | F10: STEPS | G10: Launch the mobile application. Navigate to Diwan screen. | H10: PASSED
D11: COMMENTS
F17: BACK

Sheet TestScenario(60)
D9: TEST CASE | E9: Verify that Diwan logo is displayed correctly | F9: TEST SCENARIO | G9: Screen Loading & UI Validation | H9: STATUS
D10: EXPECTED RESULTS | E10: Logo is visible and properly aligned. | F10: STEPS | G10: Observe top section. | H10: PASSED
D11: COMMENTS
F17: BACK

Sheet TestScenario(61)
D9: TEST CASE | E9: Verify that poetry description text is displayed | F9: TEST SCENARIO | G9: Poetry Category Buttons | H9: STATUS
D10: EXPECTED RESULTS | E10: Informational text appears clearly. No truncation or overlap. | F10: STEPS | G10: Check description below logo. | H10: PASSED
D11: COMMENTS
F17: BACK

Sheet TestScenario(62)
D9: TEST CASE | E9: Verify that all poetry category buttons are displayed | F9: TEST SCENARIO | G9: Poetry Category Buttons | H9: STATUS
D10: EXPECTED RESULTS | E10: All categories appear correctly. | F10: STEPS | G10: View category section. | H10: PASSED
D11: COMMENTS
F17: BACK

Sheet TestScenario(63)
D9: TEST CASE | E9: Verify that clicking a poetry category navigates to corresponding poems | F9: TEST SCENARIO | G9: Poetry Category Buttons | H9: STATUS
D10: EXPECTED RESULTS | E10: Related poems list opens. | F10: STEPS | G10: Tap any category (e.g., Hope). | H10: FAILED
D11: COMMENTS | E11: Error Prompt Appears When Clicking Category Search Items
F17: BACK

Sheet TestScenario(64)
D9: TEST CASE | E9: Verify selected category highlights visually | F9: TEST SCENARIO | G9: Poetry Category Buttons | H9: STATUS
D10: EXPECTED RESULTS | E10: Selected category changes color/state. | F10: STEPS | G10: Click category button. | H10: PASSED
D11: COMMENTS | E11: Not applicable
F17: BACK

Sheet TestScenario(65)
D9: TEST CASE | E9: Verify multiple rapid category clicks do not crash app | F9: TEST SCENARIO | G9: Poetry Category Buttons | H9: STATUS
D10: EXPECTED RESULTS | E10: App remains stable. | F10: STEPS | G10: Tap categories repeatedly. | H10: PASSED
D11: COMMENTS
F17: BACK

Sheet TestScenario(66)
D9: TEST CASE | E9: Verify that search input field is clickable | F9: TEST SCENARIO | G9: Search Bar Functionality | H9: STATUS
D10: EXPECTED RESULTS | E10: Keyboard opens. | F10: STEPS | G10: Tap search bar. | H10: PASSED
D11: COMMENTS
F17: BACK

Sheet TestScenario(67)
D9: TEST CASE | E9: Verify that user can enter search keywords | F9: TEST SCENARIO | G9: Search Bar Functionality | H9: STATUS
D10: EXPECTED RESULTS | E10: Text appears correctly. | F10: STEPS | G10: Type poem keyword. | H10: PASSED
D11: COMMENTS
F17: BACK

Sheet TestScenario(68)
D9: TEST CASE | E9: Verify search results appear based on keyword | F9: TEST SCENARIO | G9: Search Bar Functionality | H9: STATUS
D10: EXPECTED RESULTS | E10: Relevant results displayed. | F10: STEPS | G10: Enter poem name. Submit search. | H10: FAILED
D11: COMMENTS | E11: Search feature is not functional When the user enters a keyword and performs a search, no results are returned,
F17: BACK

Sheet TestScenario(69)
D9: TEST CASE | E9: Verify empty search behavior | F9: TEST SCENARIO | G9: Search Bar Functionality | H9: STATUS
D10: EXPECTED RESULTS | E10: Validation message OR no action occurs. | F10: STEPS | G10: Click search without typing text. | H10: PASSED
D11: COMMENTS
F17: BACK

Sheet TestScenario(70)
D9: TEST CASE | E9: Verify that microphone icon activates voice search | F9: TEST SCENARIO | G9: Voice Search Functionality | H9: STATUS
D10: EXPECTED RESULTS | E10: Voice recording starts. | F10: STEPS | G10: Tap microphone icon. | H10: PASSED
D11: COMMENTS
F17: BACK

Sheet TestScenario(71)
D9: TEST CASE | E9: Verify spoken input converts to search text | F9: TEST SCENARIO | G9: Voice Search Functionality | H9: STATUS
D10: EXPECTED RESULTS | E10: Speech converts into text automatically. | F10: STEPS | G10: Speak poem keyword. | H10: NOT TESTED
D11: COMMENTS
F17: BACK

Sheet TestScenario(72)
D9: TEST CASE | E9: Verify microphone permission handling | F9: TEST SCENARIO | G9: Voice Search Functionality | H9: STATUS
D10: EXPECTED RESULTS | E10: Permission popup displayed. | F10: STEPS | G10: Tap mic without permission enabled. | H10: PASSED
D11: COMMENTS | E11: not applicable
F17: BACK

Sheet TestScenario(73)
D9: TEST CASE | E9: Verify that Menu button opens navigation menu | F9: TEST SCENARIO | G9: Bottom Navigation Bar | H9: STATUS
D10: EXPECTED RESULTS | E10: Side menu opens. | F10: STEPS | G10: Tap Menu. | H10: PASSED
D11: COMMENTS
F17: BACK

Sheet TestScenario(74)
D9: TEST CASE | E9: Verify that Advanced Search opens advanced filtering screen | F9: TEST SCENARIO | G9: Bottom Navigation Bar | H9: STATUS
D10: EXPECTED RESULTS | E10: Advanced search page displayed. | F10: STEPS | G10: Tap Advanced Search. | H10: FAILED
D11: COMMENTS | E11: Advanced Search icon is not functional
F17: BACK

Sheet TestScenario(75)
D9: TEST CASE | E9: Verify that Poems button navigates to poems listing | F9: TEST SCENARIO | G9: Bottom Navigation Bar | H9: STATUS
D10: EXPECTED RESULTS | E10: Poems screen loads successfully. | F10: STEPS | G10: Tap Poems. | H10: PASSED
D11: COMMENTS
F17: BACK

Sheet TestScenario(76)
D9: TEST CASE | E9: Verify categories alignment and spacing | F9: TEST SCENARIO | G9: Screen Loading & UI Validation | H9: STATUS
D10: EXPECTED RESULTS | E10: Equal spacing maintained. | F10: STEPS | G10: Observe category layout. | H10: PASSED
D11: COMMENTS
F17: BACK

Sheet TestScenario(77)
D9: TEST CASE | E9: Verify screen loads within acceptable time | F9: TEST SCENARIO | G9: Performance& Accessibility Testing | H9: STATUS
D10: EXPECTED RESULTS | E10: Loads within expected performance time. | F10: STEPS | G10: Open Diwan screen. | H10: PASSED
D11: COMMENTS
F17: BACK

Sheet TestScenario(78)
D9: TEST CASE | E9: Verify scrolling performance | F9: TEST SCENARIO | G9: Performance& Accessibility Testing | H9: STATUS
D10: EXPECTED RESULTS | E10: Smooth scrolling without lag. | F10: STEPS | G10: Scroll screen vertically. | H10: PASSED
D11: COMMENTS
F17: BACK

Sheet TestScenario(79)
D9: TEST CASE | E9: Verify buttons are easily tappable | F9: TEST SCENARIO | G9: Performance& Accessibility Testing | H9: STATUS
D10: EXPECTED RESULTS | E10: Touch targets respond correctly. | F10: STEPS | G10: Tap categories using one hand. | H10: PASSED
D11: COMMENTS
F17: BACK

Sheet TestScenario(80)
D9: TEST CASE | E9: Verify text readability in Dark Mode | F9: TEST SCENARIO | G9: Performance& Accessibility Testing | H9: STATUS
D10: EXPECTED RESULTS | E10: Text remains readable. | F10: STEPS | G10: Enable Dark Mode. Open screen. | H10: PASSED
D11: COMMENTS
F17: BACK

Sheet TestScenario(81)
D9: TEST CASE | E9: Verify that voice playback bar UI elements are displayed correctly | F9: TEST SCENARIO | G9: Voice Search Functionality | H9: STATUS
D10: EXPECTED RESULTS | E10: Close button (X) visible. Audio waveform displayed. Duration timer shown. Upload/expand button visible. | F10: STEPS | G10: Observe voice playback bar. | H10: PASSED
D11: COMMENTS
F17: BACK

Sheet TestScenario(82)
D9: TEST CASE | E9: Verify that clicking the close (X) button closes voice playback | F9: TEST SCENARIO | G9: Voice Search Functionality | H9: STATUS
D10: EXPECTED RESULTS | E10: Playback stops immediately. Audio bar disappears. | F10: STEPS | G10: Play audio. Tap Close (X). | H10: PASSED
D11: COMMENTS
F17: BACK

Sheet TestScenario(83)
D9: TEST CASE | E9: Verify waveform progress updates during playback | F9: TEST SCENARIO | G9: Voice Search Functionality | H9: STATUS
D10: EXPECTED RESULTS | E10: Progress animation moves smoothly. | F10: STEPS | G10: Record voice. | H10: PASSED
D11: COMMENTS
F17: BACK

Sheet TestScenario(84)
D9: TEST CASE | E9: Verify Up arrow mark buttons are tappable and entering a valid keyword and clicking search displays relevant results | F9: TEST SCENARIO | G9: Voice Search Functionality | H9: STATUS
D10: EXPECTED RESULTS | E10: Buttons respond correctly. System should display matching results related to the entered keyword. | F10: STEPS | G10: Tap up arrow button and type any key words | H10: PASSED
D11: COMMENTS
F17: BACK

Sheet TestScenario(85)
D9: TEST CASE | E9: Verify that voice playback timer increases during audio play | F9: TEST SCENARIO | G9: Voice Search Functionality | H9: STATUS
D10: EXPECTED RESULTS | E10: Timer increases continuously. | F10: STEPS | G10: Start voice playback. Observe timer. | H10: FAILED
D11: COMMENTS | E11: Previous audio playback time displayed after performing a new search When a user searches for a new audio item after previously searching , the timer displays the last searched playback time instead of resetting to 00:00.
F17: BACK

Sheet TestScenario(86)
D9: TEST CASE | E9: Verify that the search field accepts text input | F9: TEST SCENARIO | G9: Search Input Validation | H9: STATUS
D10: EXPECTED RESULTS | E10: Text appears correctly inside search field. | F10: STEPS | G10: Tap inside search bar. Enter keyword (e.g., Joy). | H10: PASSED
D11: COMMENTS
F17: BACK

Sheet TestScenario(87)
D9: TEST CASE | E9: Verify that clicking the search icon triggers search | F9: TEST SCENARIO | G9: Search Input Validation | H9: STATUS
D10: EXPECTED RESULTS | E10: Search is executed. Results page refreshes. | F10: STEPS | G10: Enter keyword. Tap search icon. | H10: FAILED
D11: COMMENTS | E11: Error Prompt Appears When Searching Items
F17: BACK

Sheet TestScenario(88)
D9: TEST CASE | E9: Verify that clicking the clear (X) button clears the search text | F9: TEST SCENARIO | G9: Search Input Validation | H9: STATUS
D10: EXPECTED RESULTS | E10: Search field becomes empty. Previous results reset. | F10: STEPS | G10: Enter keyword. Tap clear (X) icon. | H10: PASSED
D11: COMMENTS
F17: BACK

Sheet TestScenario(89)
D9: TEST CASE | E9: Verify that “No results” message is displayed when no matches found | F9: TEST SCENARIO | G9: No Results Handling | H9: STATUS
D10: EXPECTED RESULTS | E10: Message appears: No results for "Keyword". Suggestion text displayed below. | F10: STEPS | G10: Enter non-existing keyword. Perform search. | H10: PASSED
D11: COMMENTS
F17: BACK

Sheet TestScenario(90)
D9: TEST CASE | E9: Verify that correct searched keyword appears in the message | F9: TEST SCENARIO | G9: No Results Handling | H9: STATUS
D10: EXPECTED RESULTS | E10: Message shows exact searched term in quotes. | F10: STEPS | G10: Enter "Joy". Search. | H10: PASSED
D11: COMMENTS
F17: BACK

Sheet TestScenario(91)
D9: TEST CASE | E9: Verify that search results count shows 0 | F9: TEST SCENARIO | G9: No Results Handling | H9: STATUS
D10: EXPECTED RESULTS | E10: Semantic matches (0). Text matches (0). | F10: STEPS | G10: Perform search with no matches. | H10: PASSED
D11: COMMENTS
F17: BACK

Sheet TestScenario(92)
D9: TEST CASE | E9: Verify that clicking “Semantic matches” switches results view | F9: TEST SCENARIO | G9: Semantic vs Text Matches Tab | H9: STATUS
D10: EXPECTED RESULTS | E10: Semantic result tab becomes active. UI updates accordingly. | F10: STEPS | G10: Tap Semantic matches tab. | H10: FAILED
D11: COMMENTS | E11: Semantic Matches Tab Not Displayed in Search Results
F17: BACK

Sheet TestScenario(93)
D9: TEST CASE | E9: Verify that clicking “Text matches” switches results view | F9: TEST SCENARIO | G9: Semantic vs Text Matches Tab | H9: STATUS
D10: EXPECTED RESULTS | E10: Text matches tab highlighted. Results update. | F10: STEPS | G10: Tap Text matches tab. | H10: FAILED
D11: COMMENTS | E11: Text Matches”Tab Not Displayed in Search Results
F17: BACK

Sheet TestScenario(94)
D9: TEST CASE | E9: Verify that result counters update dynamically | F9: TEST SCENARIO | G9: Semantic vs Text Matches Tab | H9: STATUS
D10: EXPECTED RESULTS | E10: Match count updates correctly. | F10: STEPS | G10: Search different keywords. | H10: NOT TESTED
D11: COMMENTS
F17: BACK

Sheet TestScenario(95)
D9: TEST CASE | E9: Verify that category buttons are clickable | F9: TEST SCENARIO | G9: Category Filter Buttons | H9: STATUS
D10: EXPECTED RESULTS | E10: Results filtered by selected category. | F10: STEPS | G10: Tap any category (e.g., Hope). | H10: PASSED
D11: COMMENTS
F17: BACK

Sheet TestScenario(96)
D9: TEST CASE | E9: Verify that selected category is visually highlighted | F9: TEST SCENARIO | G9: Category Filter Buttons | H9: STATUS
D10: EXPECTED RESULTS | E10: Category button changes color/state. | F10: STEPS | G10: Tap category. | H10: PASSED
D11: COMMENTS | E11: not applicable
F17: BACK

Sheet TestScenario(97)
D9: TEST CASE | E9: Verify multiple category selection behavior | F9: TEST SCENARIO | G9: Category Filter Buttons | H9: STATUS
D10: EXPECTED RESULTS | E10: Results filtered accordingly. | F10: STEPS | G10: Select multiple categories (if allowed). | H10: PASSED
D11: COMMENTS | E11: not applicable
F17: BACK

Sheet TestScenario(99)
D9: TEST CASE | E9: Verify that clicking AI Label triggers smart suggestion | F9: TEST SCENARIO | G9: Smart Label / AI Suggestion Section | H9: STATUS
D10: EXPECTED RESULTS | E10: AI suggestion or enhanced search runs. | F10: STEPS | G10: Tap Label area. | H10: FAILED
D11: COMMENTS | E11: AI suggestion Not functional
F17: BACK

Sheet TestScenario(98)
D9: TEST CASE | E9: Verify that Label/AI suggestion card is displayed | F9: TEST SCENARIO | G9: Smart Label / AI Suggestion Section | H9: STATUS
D10: EXPECTED RESULTS | E10: Gradient bordered card appears with Label text. | F10: STEPS | G10: Open Advanced Search. | H10: PASSED
D11: COMMENTS
F17: BACK

Sheet TestScenario(100)
D9: TEST CASE | E9: Verify that clicking back arrow returns to previous screen | F9: TEST SCENARIO | G9: History & Navigation Buttons | H9: STATUS
D10: EXPECTED RESULTS | E10: Previous screen loads. | F10: STEPS | G10: Tap back button. | H10: PASSED
D11: COMMENTS
F17: BACK

Sheet TestScenario(101)
D9: TEST CASE | E9: Verify that clicking history icon shows recent searches | F9: TEST SCENARIO | G9: History & Navigation Buttons | H9: STATUS
D10: EXPECTED RESULTS | E10: Search history list appears. | F10: STEPS | G10: Tap clock/history icon. | H10: PASSED
D11: COMMENTS
F17: BACK

Sheet TestScenario(102)
D9: TEST CASE | E9: Verify that the Delete button removes the selected item | F9: TEST SCENARIO | G9: History & Navigation Buttons | H9: STATUS
D10: EXPECTED RESULTS | E10: the selected item is removed from the list. Remaining items stay unaffected. | F10: STEPS | G10: Navigate to the list page Ensure at least one item is available. Tap the Delete button for a specific item. | H10: PASSED
D11: COMMENTS
F17: BACK

Sheet TestScenario(103)
D9: TEST CASE | E9: Verify that the Delete All button removes all items from the list | F9: TEST SCENARIO | G9: History & Navigation Buttons | H9: STATUS
D10: EXPECTED RESULTS | E10: All items are removed after confirmation. Empty-state message appears (e.g., “No items available”). | F10: STEPS | G10: Navigate to the list page with multiple items. Tap the Delete All button. | H10: FAILED
D11: COMMENTS | E11: “No Results Found” Message Displayed Incorrectly When Search List Is Empty Showing No results found "Abdullah"
F17: BACK

Sheet TestScenario(104)
D9: TEST CASE | E9: Verify that search is case insensitive | F9: TEST SCENARIO | G9: Search Input Validation | H9: STATUS
D10: EXPECTED RESULTS | E10: Same results returned. | F10: STEPS | G10: Search “joy”. Search “JOY”. | H10: PASSED
D11: COMMENTS | E11: not applicable
F17: BACK

Sheet TestScenario(105)
D9: TEST CASE | E9: Verify that special characters are handled properly | F9: TEST SCENARIO | G9: Search Input Validation | H9: STATUS
D10: EXPECTED RESULTS | E10: App handles input safely. No crash. | F10: STEPS | G10: Enter symbols (@#$). | H10: PASSED
D11: COMMENTS | E11: not applicable
F17: BACK

Sheet TestScenario(106)
D9: TEST CASE | E9: Verify behavior with long search text | F9: TEST SCENARIO | G9: Search Input Validation | H9: STATUS
D10: EXPECTED RESULTS | E10: No UI break. Search processed correctly. | F10: STEPS | G10: Enter long paragraph. Search. | H10: PASSED
D11: COMMENTS
F17: BACK

Sheet TestScenario(107)
D9: TEST CASE | E9: Verify that search results load within acceptable time | F9: TEST SCENARIO | G9: Performance & AccessibilityTesting | H9: STATUS
D10: EXPECTED RESULTS | E10: Results load quickly. | F10: STEPS | G10: Perform search. | H10: PASSED
D11: COMMENTS
F17: BACK

Sheet TestScenario(108)
D9: TEST CASE | E9: Verify that no-results screen renders without lag | F9: TEST SCENARIO | G9: Performance & AccessibilityTesting | H9: STATUS
D10: EXPECTED RESULTS | E10: No delay in displaying message. | F10: STEPS | G10: Search invalid term. | H10: PASSED
D11: COMMENTS
F17: BACK

Sheet TestScenario(109)
D9: TEST CASE | E9: Verify search text is readable in Dark Mode | F9: TEST SCENARIO | G9: Performance & AccessibilityTesting | H9: STATUS
D10: EXPECTED RESULTS | E10: Text contrast is clear. | F10: STEPS | G10: Enable Dark Mode. Perform search. | H10: PASSED
D11: COMMENTS
F17: BACK

Sheet TestScenario(110)
D9: TEST CASE | E9: Verify buttons are tappable and responsive | F9: TEST SCENARIO | G9: Performance & AccessibilityTesting | H9: STATUS
D10: EXPECTED RESULTS | E10: Immediate response. | F10: STEPS | G10: Tap all clickable elements. | H10: PASSED
D11: COMMENTS
F17: BACK

Sheet TestScenario(111)
D9: TEST CASE | E9: Verify search behavior when internet is unavailable | F9: TEST SCENARIO | G9: Performance & AccessibilityTesting | H9: STATUS
D10: EXPECTED RESULTS | E10: Proper error message shown. | F10: STEPS | G10: Disable internet. Search. | H10: FAILED
D11: COMMENTS | E11: No internet error message not shown when searching without network connection When the user performs a search without an active internet connection, the system does not display a proper “No Internet Connection” message.
F17: BACK

Sheet TestScenario(112)
D9: TEST CASE | E9: Verify that the poetry picture is displayed correctly on the poetry detail page | F9: TEST SCENARIO | G9: Screen Load & UI Validation | H9: STATUS
D10: EXPECTED RESULTS | E10: Poetry image is displayed at the top of the page. Image loads completely without distortion or pixelation. Image is properly aligned within the screen layout. | F10: STEPS | G10: Navigate to the Poetry section. Select any poem from the list. Observe the top section of the poetry detail page. | H10: PASSED
D11: COMMENTS
F17: BACK

Sheet TestScenario(113)
D9: TEST CASE | E9: Verify that the poems category screen loads successfully | F9: TEST SCENARIO | G9: Screen Load & UI Validation | H9: STATUS
D10: EXPECTED RESULTS | E10: Poems screen opens without delay. Category title is displayed at the top. | F10: STEPS | G10: Open Diwan app. Tap any poems eg “Worship” category. | H10: PASSED
D11: COMMENTS
F17: BACK

Sheet TestScenario(114)
D9: TEST CASE | E9: Verify that category metadata is displayed correctly | F9: TEST SCENARIO | G9: Screen Load & UI Validation | H9: STATUS
D10: EXPECTED RESULTS | E10: Total poems count is displayed (e.g., Poems 45). Additional stats (e.g., 959 likes/views) are shown correctly. | F10: STEPS | G10: Observe category information section. | H10: PASSED
D11: COMMENTS
F17: BACK

Sheet TestScenario(115)
D9: TEST CASE | E9: Verify that clicking “Listen to the poems” starts audio playback | F9: TEST SCENARIO | G9: Screen Load & UI Validation | H9: STATUS
D10: EXPECTED RESULTS | E10: Audio playback starts. Playback control bar appears. | F10: STEPS | G10: Tap “Listen to the poems”. | H10: FAILED
D11: COMMENTS | E11: Error message displayed when tapping Play button
F17: BACK

Sheet TestScenario(116)
D9: TEST CASE | E9: Verify that clicking heart icon marks category as favorite | F9: TEST SCENARIO | G9: Favorite (Heart) Button | H9: STATUS
D10: EXPECTED RESULTS | E10: Heart icon changes to active state. Category added to Favorites. | F10: STEPS | G10: Tap heart icon. | H10: PASSED
D11: COMMENTS
F17: BACK

Sheet TestScenario(117)
D9: TEST CASE | E9: Verify that clicking heart again removes from favorites | F9: TEST SCENARIO | G9: Favorite (Heart) Button | H9: STATUS
D10: EXPECTED RESULTS | E10: Icon returns to default state. Removed from Favorites list. | F10: STEPS | G10: Tap active heart icon. | H10: PASSED
D11: COMMENTS
F17: BACK

Sheet TestScenario(118)
D9: TEST CASE | E9: Verify favorite state persists after app restart | F9: TEST SCENARIO | G9: Favorite (Heart) Button | H9: STATUS
D10: EXPECTED RESULTS | E10: Mark as favorite. Close and reopen app. | F10: STEPS | G10: Mark as favorite. Close and reopen app. | H10: PASSED
D11: COMMENTS
F17: BACK

Sheet TestScenario(119)
D9: TEST CASE | E9: Verify that category description text is displayed properly | F9: TEST SCENARIO | G9: Screen Load & UI Validation | H9: STATUS
D10: EXPECTED RESULTS | E10: Text aligned properly. No truncation or overlapping. | F10: STEPS | G10: View description section. | H10: PASSED
D11: COMMENTS
F17: BACK

Sheet TestScenario(120)
D9: TEST CASE | E9: Verify that description is scrollable | F9: TEST SCENARIO | G9: Screen Load & UI Validation | H9: STATUS
D10: EXPECTED RESULTS | E10: Smooth scrolling without UI break. | F10: STEPS | G10: Scroll page. | H10: PASSED
D11: COMMENTS
F17: BACK

Sheet TestScenario(121)
D9: TEST CASE | E9: Verify that poem list is displayed under category | F9: TEST SCENARIO | G9: Poems List Section | H9: STATUS
D10: EXPECTED RESULTS | E10: Poems list appears with: Title Short description Thumbnail image | F10: STEPS | G10: Scroll to poem section. | H10: PASSED
D11: COMMENTS
F17: BACK

Sheet TestScenario(122)
D9: TEST CASE | E9: Verify that poem thumbnail images load correctly | F9: TEST SCENARIO | G9: Poems List Section | H9: STATUS
D10: EXPECTED RESULTS | E10: Images load without distortion. | F10: STEPS | G10: Observe poem images. | H10: PASSED
D11: COMMENTS
F17: BACK

Sheet TestScenario(123)
D9: TEST CASE | E9: Verify that clicking a poem opens detailed poem page | F9: TEST SCENARIO | G9: Poems List Section | H9: STATUS
D10: EXPECTED RESULTS | E10: Detailed poem screen opens. | F10: STEPS | G10: Tap any poem | H10: PASSED
D11: COMMENTS
F17: BACK

Sheet TestScenario(124)
D9: TEST CASE | E9: Verify correct poem content loads | F9: TEST SCENARIO | G9: Poems List Section | H9: STATUS
D10: EXPECTED RESULTS | E10: Correct poem displayed. | F10: STEPS | G10: Open poem. Check title and content. | H10: PASSED
D11: COMMENTS
F17: BACK

Sheet TestScenario(125)
D9: TEST CASE | E9: Verify smooth vertical scrolling | F9: TEST SCENARIO | G9: Screen Load & UI Validation | H9: STATUS
D10: EXPECTED RESULTS | E10: No lag or jitter. | F10: STEPS | G10: Scroll continuously. | H10: PASSED
D11: COMMENTS
F17: BACK

Sheet TestScenario(126)
D9: TEST CASE | E9: Verify infinite scroll or pagination (if applicable) | F9: TEST SCENARIO | G9: Screen Load & UI Validation | H9: STATUS
D10: EXPECTED RESULTS | E10: More poems load automatically (if enabled). | F10: STEPS | G10: Scroll to bottom. | H10: PASSED
D11: COMMENTS
F17: BACK

Sheet TestScenario(127)
D9: TEST CASE | E9: Verify behavior when no poems exist in category | F9: TEST SCENARIO | G9: Screen Load & UI Validation | H9: STATUS
D10: EXPECTED RESULTS | E10: Proper “No poems available” message shown. | F10: STEPS | G10: Open empty category (test data). | H10: FAILED
D11: COMMENTS | E11: “No Poems Available” message not shown correctly when poems list is empty
F17: BACK

Sheet TestScenario(128)
D9: TEST CASE | E9: Verify behavior when internet is disabled | F9: TEST SCENARIO | G9: Screen Load & UI Validation | H9: STATUS
D10: EXPECTED RESULTS | E10: Error message or cached data displayed. | F10: STEPS | G10: Turn off internet. Open category. | H10: PASSED
D11: COMMENTS
F17: BACK

Sheet TestScenario(129)
D9: TEST CASE | E9: Verify UI readability in Dark Mode | F9: TEST SCENARIO | G9: Accessibilit & Performance Testing | H9: STATUS
D10: EXPECTED RESULTS | E10: Text contrast remains readable. | F10: STEPS | G10: Enable Dark Mode. Open Worship screen. | H10: PASSED
D11: COMMENTS
F17: BACK

Sheet TestScenario(130)
D9: TEST CASE | E9: Verify clickable areas are properly sized | F9: TEST SCENARIO | G9: Accessibilit & Performance Testing | H9: STATUS
D10: EXPECTED RESULTS | E10: No misclicks due to tight spacing. | F10: STEPS | G10: Tap various elements. | H10: PASSED
D11: COMMENTS
F17: BACK

Sheet TestScenario(131)
D9: TEST CASE | E9: Verify that page loads within acceptable time | F9: TEST SCENARIO | G9: Accessibilit & Performance Testing | H9: STATUS
D10: EXPECTED RESULTS | E10: Page loads quickly. | F10: STEPS | G10: Open poems category. | H10: PASSED
D11: COMMENTS
F17: BACK

Sheet TestScenario(132)
D9: TEST CASE | E9: Verify rapid interactions do not crash the app | F9: TEST SCENARIO | G9: Accessibilit & Performance Testing | H9: STATUS
D10: EXPECTED RESULTS | E10: App remains stable. | F10: STEPS | G10: Tap multiple poems rapidly. | H10: PASSED
D11: COMMENTS
F17: BACK

Sheet TestScenario(133)
D9: TEST CASE | E9: Verify that full-screen audio player opens successfully | F9: TEST SCENARIO | G9: Audio Player | H9: STATUS
D10: EXPECTED RESULTS | E10: Full-screen audio player opens. Background image loads correctly. | F10: STEPS | G10: Tap a poem. Tap expand/fullscreen audio button. | H10: FAILED
D11: COMMENTS | E11: Error message displayed when tapping Play button
F17: BACK

Sheet TestScenario(134)
D9: TEST CASE | E9: Verify that audio title is displayed correctly | F9: TEST SCENARIO | G9: Audio Player | H9: STATUS
D10: EXPECTED RESULTS | E10: Title (e.g., “poem name”) appears correctly. | F10: STEPS | G10: Observe audio title section. | H10: NOT TESTED
D11: COMMENTS
F17: BACK

Sheet TestScenario(135)
D9: TEST CASE | E9: Verify that playback speed label is displayed | F9: TEST SCENARIO | G9: Audio Player | H9: STATUS
D10: EXPECTED RESULTS | E10: Observe subtitle (e.g., Slow: Hybrid). | F10: STEPS | G10: Observe subtitle (e.g., poems names). | H10: NOT TESTED
D11: COMMENTS
F17: BACK

Sheet TestScenario(136)
D9: TEST CASE | E9: Verify that clicking Play button starts audio playback | F9: TEST SCENARIO | G9: Audio Player | H9: STATUS
D10: EXPECTED RESULTS | E10: Audio starts playing. Play icon changes to Pause. | F10: STEPS | G10: Tap Play button. | H10: NOT TESTED
D11: COMMENTS
F17: BACK

Sheet TestScenario(137)
D9: TEST CASE | E9: Verify that clicking Pause stops audio playback | F9: TEST SCENARIO | G9: Audio Player | H9: STATUS
D10: EXPECTED RESULTS | E10: Audio pauses. Playback position remains saved. | F10: STEPS | G10: Tap Pause. | H10: NOT TESTED
D11: COMMENTS
F17: BACK

Sheet TestScenario(138)
D9: TEST CASE | E9: Verify that clicking Next button plays next audio | F9: TEST SCENARIO | G9: Audio Player | H9: STATUS
D10: EXPECTED RESULTS | E10: Next poem/audio starts playing. | F10: STEPS | G10: Tap Next icon. | H10: NOT TESTED
D11: COMMENTS
F17: BACK

Sheet TestScenario(139)
D9: TEST CASE | E9: Verify that clicking Previous button plays previous audio | F9: TEST SCENARIO | G9: Audio Player | H9: STATUS
D10: EXPECTED RESULTS | E10: Previous poem/audio loads. | F10: STEPS | G10: Tap Previous icon. | H10: NOT TESTED
D11: COMMENTS
F17: BACK

Sheet TestScenario(140)
D9: TEST CASE | E9: Verify that seek bar shows correct duration | F9: TEST SCENARIO | G9: Audio Player | H9: STATUS
D10: EXPECTED RESULTS | E10: Start time shows 00:00. End time shows full duration. | F10: STEPS | G10: Observe time display. | H10: NOT TESTED
D11: COMMENTS
F17: BACK

Sheet TestScenario(141)
D9: TEST CASE | E9: Verify that playback time updates during play | F9: TEST SCENARIO | G9: Audio Player | H9: STATUS
D10: EXPECTED RESULTS | E10: Timer increases continuously. | F10: STEPS | G10: Play audio. Observe timer. | H10: NOT TESTED
D11: COMMENTS
F17: BACK

Sheet TestScenario(142)
D9: TEST CASE | E9: Verify that dragging seek bar changes playback position | F9: TEST SCENARIO | G9: Audio Player | H9: STATUS
D10: EXPECTED RESULTS | E10: Audio jumps to selected time. | F10: STEPS | G10: Move seek slider. | H10: NOT TESTED
D11: COMMENTS
F17: BACK

Sheet TestScenario(143)
D9: TEST CASE | E9: Verify that clicking Shuffle enables shuffle mode | F9: TEST SCENARIO | G9: Audio Player | H9: STATUS
D10: EXPECTED RESULTS | E10: Shuffle mode activates. Icon visually highlights. | F10: STEPS | G10: Tap Shuffle icon. | H10: NOT TESTED
D11: COMMENTS
F17: BACK

Sheet TestScenario(144)
D9: TEST CASE | E9: Verify shuffle plays random track | F9: TEST SCENARIO | G9: Audio Player | H9: STATUS
D10: EXPECTED RESULTS | E10: Enable shuffle. Tap Next. | F10: STEPS | G10: Enable shuffle. Tap Next. | H10: NOT TESTED
D11: COMMENTS
F17: BACK

Sheet TestScenario(145)
D9: TEST CASE | E9: Verify that clicking heart icon marks audio as favorite | F9: TEST SCENARIO | G9: Audio Player | H9: STATUS
D10: EXPECTED RESULTS | E10: Heart becomes active. Audio added to favorites. | F10: STEPS | G10: Tap heart icon. | H10: NOT TESTED
D11: COMMENTS
F17: BACK

Sheet TestScenario(146)
D9: TEST CASE | E9: Verify that favorite status persists after restart | F9: TEST SCENARIO | G9: Audio Player | H9: STATUS
D10: EXPECTED RESULTS | E10: Audio remains in favorites list. | F10: STEPS | G10: Mark as favorite. Restart app. | H10: NOT TESTED
D11: COMMENTS
F17: BACK

Sheet TestScenario(147)
D9: TEST CASE | E9: Verify that clicking collapse arrow minimizes player | F9: TEST SCENARIO | G9: Audio Player | H9: STATUS
D10: EXPECTED RESULTS | E10: Player minimizes. Returns to previous screen. | F10: STEPS | G10: Tap top arrow icon. | H10: NOT TESTED
D11: COMMENTS
F17: BACK

Sheet TestScenario(148)
D9: TEST CASE | E9: Verify audio continues in background | F9: TEST SCENARIO | G9: Audio Player | H9: STATUS
D10: EXPECTED RESULTS | E10: Audio continues playing. | F10: STEPS | G10: Play audio. Minimize app. | H10: NOT TESTED
D11: COMMENTS
F17: BACK

Sheet TestScenario(149)
D9: TEST CASE | E9: Verify lock screen controls work | F9: TEST SCENARIO | G9: Audio Player | H9: STATUS
D10: EXPECTED RESULTS | E10: Play/Pause controls visible on lock screen. | F10: STEPS | G10: Lock device while audio plays. | H10: NOT TESTED
D11: COMMENTS
F17: BACK

Sheet TestScenario(150)
D9: TEST CASE | E9: Verify audio pauses during incoming call | F9: TEST SCENARIO | G9: Audio Player | H9: STATUS
D10: EXPECTED RESULTS | E10: Audio pauses automatically. | F10: STEPS | G10: Play audio. Receive call. | H10: NOT TESTED
D11: COMMENTS
F17: BACK

Sheet TestScenario(151)
D9: TEST CASE | E9: Verify audio loads without buffering delay | F9: TEST SCENARIO | G9: Audio Player | H9: STATUS
D10: EXPECTED RESULTS | E10: Playback starts within acceptable time. | F10: STEPS | G10: Tap Play. | H10: NOT TESTED
D11: COMMENTS
F17: BACK

Sheet TestScenario(152)
D9: TEST CASE | E9: Verify rapid control tapping does not crash app | F9: TEST SCENARIO | G9: Audio Player | H9: STATUS
D10: EXPECTED RESULTS | E10: Tap play/pause repeatedly. | F10: STEPS | G10: Tap play/pause repeatedly. | H10: NOT TESTED
D11: COMMENTS
F17: BACK

Sheet TestScenario(153)
D9: TEST CASE | E9: App remains stable. | F9: TEST SCENARIO | G9: Audio Player | H9: STATUS
D10: EXPECTED RESULTS | E10: Playback stops automatically. Moves to next track (if autoplay enabled). | F10: STEPS | G10: Verify behavior when audio ends | H10: NOT TESTED
D11: COMMENTS
F17: BACK

Sheet TestScenario(154)
D9: TEST CASE | E9: Verify behavior without internet | F9: TEST SCENARIO | G9: Audio Player | H9: STATUS
D10: EXPECTED RESULTS | E10: Error or offline message displayed. | F10: STEPS | G10: Disable internet. Play audio. | H10: NOT TESTED
D11: COMMENTS
F17: BACK

Sheet TestScenario(155)
D9: TEST CASE | E9: Info Icon Functionality | F9: TEST SCENARIO | G9: Screen Load & UI Validation | H9: STATUS
D10: EXPECTED RESULTS | E10: Floating control panel is visible. All three icons are aligned properly. No UI overlap occurs. | F10: STEPS | G10: Open full-screen audio player. Observe bottom section. | H10: PASSED
D11: COMMENTS
F17: BACK

Sheet TestScenario(156)
D9: TEST CASE | E9: Verify that control panel remains visible during playback | F9: TEST SCENARIO | G9: Screen Load & UI Validation | H9: STATUS
D10: EXPECTED RESULTS | E10: Panel remains visible and accessible. | F10: STEPS | G10: Start audio playback. Observe bottom area. | H10: PASSED
D11: COMMENTS
F17: BACK

Sheet TestScenario(157)
D9: TEST CASE | E9: Verify that clicking the Info icon opens audio details | F9: TEST SCENARIO | G9: Info Icon Functionality | H9: STATUS
D10: EXPECTED RESULTS | E10: Information popup/page opens. Displays: Poem title Description | F10: STEPS | G10: Tap Info icon (ⓘ). | H10: PASSED
D11: COMMENTS
F17: BACK

Sheet TestScenario(158)
D9: TEST CASE | E9: Verify that Info screen can be closed | F9: TEST SCENARIO | G9: Info Icon Functionality | H9: STATUS
D10: EXPECTED RESULTS | E10: Info panel closes. Returns to audio player. | F10: STEPS | G10: Open Info. Tap close/back. | H10: PASSED
D11: COMMENTS
F17: BACK

Sheet TestScenario(159)
D9: TEST CASE | E9: Verify that clicking the Playlist icon opens audio queue | F9: TEST SCENARIO | G9: Playlist icon | H9: STATUS
D10: EXPECTED RESULTS | E10: Playlist/queue screen opens. Shows list of available poems/tracks. | F10: STEPS | G10: Tap middle list icon. | H10: PASSED
D11: COMMENTS
F17: BACK

Sheet TestScenario(160)
D9: TEST CASE | E9: Verify that selecting a track from playlist plays selected audio | F9: TEST SCENARIO | G9: Playlist icon | H9: STATUS
D10: EXPECTED RESULTS | E10: Selected audio starts playing. | F10: STEPS | G10: Open playlist. Tap any track. | H10: PASSED
D11: COMMENTS
F17: BACK

Sheet TestScenario(161)
D9: TEST CASE | E9: Verify playlist reflects currently playing track | F9: TEST SCENARIO | G9: Playlist icon | H9: STATUS
D10: EXPECTED RESULTS | E10: Open playlist while audio plays. | F10: STEPS | G10: Verify playlist reflects currently playing track | H10: PASSED
D11: COMMENTS
F17: BACK

Sheet TestScenario(162)
D9: TEST CASE | E9: Verify that clicking the Lyrics icon displays poem text | F9: TEST SCENARIO | G9: Lyrics / Script Icon Functionality | H9: STATUS
D10: EXPECTED RESULTS | E10: Lyrics/poem text appears on screen. | F10: STEPS | G10: Tap scroll/script icon. | H10: FAILED
D11: COMMENTS | E11: Lyrics/Poem text not appearing on the screen
F17: BACK

Sheet TestScenario(163)
D9: TEST CASE | E9: Verify that lyrics are synchronized with audio (if supported) | F9: TEST SCENARIO | G9: Lyrics / Script Icon Functionality | H9: STATUS
D10: EXPECTED RESULTS | E10: Text highlights in sync with audio (if feature enabled). | F10: STEPS | G10: Start playback. Observe lyrics. | H10: NOT TESTED
D11: COMMENTS
F17: BACK

Sheet TestScenario(164)
D9: TEST CASE | E9: Verify that lyrics view can be closed | F9: TEST SCENARIO | G9: Lyrics / Script Icon Functionality | H9: STATUS
D10: EXPECTED RESULTS | E10: Returns to player screen. | F10: STEPS | G10: Open lyrics. Tap close/back. | H10: NOT TESTED
D11: COMMENTS
F17: BACK

Sheet TestScenario(165)
D9: TEST CASE | E9: Verify that tapping icons multiple times does not crash app | F9: TEST SCENARIO | G9: Lyrics / Script Icon Functionality | H9: STATUS
D10: EXPECTED RESULTS | E10: App remains stable. | F10: STEPS | G10: Rapidly tap each icon. | H10: NOT TESTED
D11: COMMENTS
F17: BACK

Sheet TestScenario(166)
D9: TEST CASE | E9: Verify that icons respond instantly to touch | F9: TEST SCENARIO | G9: Lyrics / Script Icon Functionality | H9: STATUS
D10: EXPECTED RESULTS | E10: Tap each icon once. | F10: STEPS | G10: Tap each icon once. | H10: NOT TESTED
D11: COMMENTS
F17: BACK

Sheet TestScenario(167)
D9: TEST CASE | E9: Verify behavior when no playlist exists | F9: TEST SCENARIO | G9: Lyrics / Script Icon Functionality | H9: STATUS
D10: EXPECTED RESULTS | E10: Open playlist with only one track. | F10: STEPS | G10: Open playlist with only one track. | H10: NOT TESTED
D11: COMMENTS
F17: BACK

Sheet TestScenario(168)
D9: TEST CASE | E9: Verify behavior when no lyrics available | F9: TEST SCENARIO | G9: Lyrics / Script Icon Functionality | H9: STATUS
D10: EXPECTED RESULTS | E10: Verify behavior when no lyrics available | F10: STEPS | G10: Verify behavior when no lyrics available | H10: NOT TESTED
D11: COMMENTS
F17: BACK

Sheet TestScenario(169)
D9: TEST CASE | E9: Verify no UI flicker during transitions | F9: TEST SCENARIO | G9: Lyrics / Script Icon Functionality | H9: STATUS
D10: EXPECTED RESULTS | E10: Smooth transitions. | F10: STEPS | G10: Open and close Info/Playlist/Lyrics repeatedly. | H10: NOT TESTED
D11: COMMENTS
F17: BACK

Sheet TestScenario(170)
D9: TEST CASE | E9: Verify that the Performers section title is displayed correctly | F9: TEST SCENARIO | G9: Performers Section | H9: STATUS
D10: EXPECTED RESULTS | E10: Title "المؤدون" appears correctly. Proper alignment in Arabic (RTL format). | F10: STEPS | G10: Navigate to Performers screen. | H10: FAILED
D11: COMMENTS | E11: Performers section is not visible on the page as per the figma design
F17: BACK

Sheet TestScenario(171)
D9: TEST CASE | E9: Verify that performer profile images are displayed correctly | F9: TEST SCENARIO | G9: Performers Section | H9: STATUS
D10: EXPECTED RESULTS | E10: Circular images load properly. No distortion or pixelation. Default placeholder shown if image fails. | F10: STEPS | G10: Observe performer cards. | H10: NOT TESTED
D11: COMMENTS
F17: BACK

Sheet TestScenario(172)
D9: TEST CASE | E9: Verify that performer name is displayed below image | F9: TEST SCENARIO | G9: Performers Section | H9: STATUS
D10: EXPECTED RESULTS | E10: Name appears correctly in Arabic. Proper font and alignment. | F10: STEPS | G10: Observe each card. | H10: NOT TESTED
D11: COMMENTS
F17: BACK

Sheet TestScenario(173)
D9: TEST CASE | E9: Verify that number of songs is displayed correctly | F9: TEST SCENARIO | G9: Performers Section | H9: STATUS
D10: EXPECTED RESULTS | E10: Poem count (e.g., 14 أغاني) is correct. Matches backend data | F10: STEPS | G10: Observe text under performer name. | H10: NOT TESTED
D11: COMMENTS
F17: BACK

Sheet TestScenario(174)
D9: TEST CASE | E9: Verify that clicking a performer opens performer detail page | F9: TEST SCENARIO | G9: Performers Section | H9: STATUS
D10: EXPECTED RESULTS | E10: Navigates to performer detail screen. Displays performer songs list. | F10: STEPS | G10: Tap any performer. | H10: NOT TESTED
D11: COMMENTS
F17: BACK

Sheet TestScenario(175)
D9: TEST CASE | E9: Verify that correct performer details load | F9: TEST SCENARIO | G9: Performers Section | H9: STATUS
D10: EXPECTED RESULTS | E10: Tap specific performer. Check name and song count. | F10: STEPS | G10: Tap specific performer. Check name and song count. | H10: NOT TESTED
D11: COMMENTS
F17: BACK

Sheet TestScenario(176)
D9: TEST CASE | E9: Verify that horizontal scrolling works if performers exceed screen width | F9: TEST SCENARIO | G9: Performers Section | H9: STATUS
D10: EXPECTED RESULTS | E10: List scrolls smoothly. No UI lag. | F10: STEPS | G10: Swipe left/right. | H10: NOT TESTED
D11: COMMENTS
F17: BACK

Sheet TestScenario(177)
D9: TEST CASE | E9: Verify behavior when performer name is long | F9: TEST SCENARIO | G9: Performers Section | H9: STATUS
D10: EXPECTED RESULTS | E10: Text wraps or truncates properly. UI not broken. | F10: STEPS | G10: Load performer with long name. | H10: NOT TESTED
D11: COMMENTS
F17: BACK

Sheet TestScenario(178)
D9: TEST CASE | E9: Verify consistent spacing between performer cards | F9: TEST SCENARIO | G9: Performers Section | H9: STATUS
D10: EXPECTED RESULTS | E10: Equal spacing and alignment. | F10: STEPS | G10: Observe UI spacing. | H10: NOT TESTED
D11: COMMENTS
F17: BACK

Sheet TestScenario(179)
D9: TEST CASE | E9: Verify that the login page loads successfully | F9: TEST SCENARIO | G9: Login page | H9: STATUS
D10: EXPECTED RESULTS | E10: Login page loads without errors. All login elements are visible (Username/Email field, Password field, Login button, Forgot Password link). UI layout is properly aligned. | F10: STEPS | G10: Launch the application. Navigate to the login page. | H10: FAILED
D11: COMMENTS | E11: Login Page Missing as per Figma Design
F17: BACK

Sheet TestScenario(180)
D9: TEST CASE | F9: TEST SCENARIO | H9: STATUS
D10: EXPECTED RESULTS | F10: STEPS | H10: CLOSED
D11: COMMENTS
F17: BACK

Sheet TestScenario(181)
D9: TEST CASE | F9: TEST SCENARIO | H9: STATUS
D10: EXPECTED RESULTS | F10: STEPS | H10: CLOSED
D11: COMMENTS
F17: BACK

Sheet TestScenario(182)
D9: TEST CASE | F9: TEST SCENARIO | H9: STATUS
D10: EXPECTED RESULTS | F10: STEPS | H10: CLOSED
D11: COMMENTS
F17: BACK

Sheet TestScenario(183)
D9: TEST CASE | F9: TEST SCENARIO | H9: STATUS
D10: EXPECTED RESULTS | F10: STEPS | H10: CLOSED
D11: COMMENTS
F17: BACK

Sheet TestScenario(184)
D9: TEST CASE | F9: TEST SCENARIO | H9: STATUS
D10: EXPECTED RESULTS | F10: STEPS | H10: CLOSED
D11: COMMENTS
F17: BACK

Sheet TestScenario(185)
D9: TEST CASE | F9: TEST SCENARIO | H9: STATUS
D10: EXPECTED RESULTS | F10: STEPS | H10: CLOSED
D11: COMMENTS
F17: BACK

Sheet TestScenario(186)
D9: TEST CASE | F9: TEST SCENARIO | H9: STATUS
D10: EXPECTED RESULTS | F10: STEPS | H10: CLOSED
D11: COMMENTS
F17: BACK

Sheet TestScenario(187)
D9: TEST CASE | F9: TEST SCENARIO | H9: STATUS
D10: EXPECTED RESULTS | F10: STEPS | H10: CLOSED
D11: COMMENTS
F17: BACK

Sheet TestScenario(188)
D9: TEST CASE | F9: TEST SCENARIO | H9: STATUS
D10: EXPECTED RESULTS | F10: STEPS | H10: CLOSED
D11: COMMENTS
F17: BACK

Sheet TestScenario(189)
D9: TEST CASE | F9: TEST SCENARIO | H9: STATUS
D10: EXPECTED RESULTS | F10: STEPS | H10: CLOSED
D11: COMMENTS
F17: BACK

Sheet TestScenario(190)
D9: TEST CASE | F9: TEST SCENARIO | H9: STATUS
D10: EXPECTED RESULTS | F10: STEPS | H10: CLOSED
D11: COMMENTS
F17: BACK

Sheet TestScenario(191)
D9: TEST CASE | F9: TEST SCENARIO | H9: STATUS
D10: EXPECTED RESULTS | F10: STEPS | H10: CLOSED
D11: COMMENTS
F17: BACK

Sheet TestScenario(192)
D9: TEST CASE | F9: TEST SCENARIO | H9: STATUS
D10: EXPECTED RESULTS | F10: STEPS | H10: CLOSED
D11: COMMENTS
F17: BACK

Sheet TestScenario(193)
D9: TEST CASE | F9: TEST SCENARIO | H9: STATUS
D10: EXPECTED RESULTS | F10: STEPS | H10: CLOSED
D11: COMMENTS
F17: BACK

Sheet TestScenario(194)
D9: TEST CASE | F9: TEST SCENARIO | H9: STATUS
D10: EXPECTED RESULTS | F10: STEPS | H10: CLOSED
D11: COMMENTS
F17: BACK

Sheet TestScenario(195)
D9: TEST CASE | F9: TEST SCENARIO | H9: STATUS
D10: EXPECTED RESULTS | F10: STEPS | H10: CLOSED
D11: COMMENTS
F17: BACK

Sheet TestScenario(196)
D9: TEST CASE | F9: TEST SCENARIO | H9: STATUS
D10: EXPECTED RESULTS | F10: STEPS | H10: CLOSED
D11: COMMENTS
F17: BACK

Sheet TestScenario(197)
D9: TEST CASE | F9: TEST SCENARIO | H9: STATUS
D10: EXPECTED RESULTS | F10: STEPS | H10: CLOSED
D11: COMMENTS
F17: BACK

Sheet TestScenario(198)
D9: TEST CASE | F9: TEST SCENARIO | H9: STATUS
D10: EXPECTED RESULTS | F10: STEPS | H10: CLOSED
D11: COMMENTS
F17: BACK

Sheet TestScenario(199)
D9: TEST CASE | F9: TEST SCENARIO | H9: STATUS
D10: EXPECTED RESULTS | F10: STEPS | H10: CLOSED
D11: COMMENTS
F17: BACK

Sheet TestScenario(200)
D9: TEST CASE | F9: TEST SCENARIO | H9: STATUS
D10: EXPECTED RESULTS | F10: STEPS | H10: CLOSED
D11: COMMENTS
F17: BACK

Sheet TestScenario(201)
D9: TEST CASE | F9: TEST SCENARIO | H9: STATUS
D10: EXPECTED RESULTS | F10: STEPS | H10: CLOSED
D11: COMMENTS
F17: BACK

Sheet TestScenario(202)
D9: TEST CASE | F9: TEST SCENARIO | H9: STATUS
D10: EXPECTED RESULTS | F10: STEPS | H10: CLOSED
D11: COMMENTS
F17: BACK

Sheet TestScenario(203)
D9: TEST CASE | F9: TEST SCENARIO | H9: STATUS
D10: EXPECTED RESULTS | F10: STEPS | H10: CLOSED
D11: COMMENTS
F17: BACK

Sheet TestScenario(204)
D9: TEST CASE | F9: TEST SCENARIO | H9: STATUS
D10: EXPECTED RESULTS | F10: STEPS | H10: CLOSED
D11: COMMENTS
F17: BACK

Sheet TestScenario(205)
D9: TEST CASE | F9: TEST SCENARIO | H9: STATUS
D10: EXPECTED RESULTS | F10: STEPS | H10: CLOSED
D11: COMMENTS
F17: BACK

Sheet TestScenario(206)
D9: TEST CASE | F9: TEST SCENARIO | H9: STATUS
D10: EXPECTED RESULTS | F10: STEPS | H10: CLOSED
D11: COMMENTS
F17: BACK

Sheet TestScenario(207)
D9: TEST CASE | F9: TEST SCENARIO | H9: STATUS
D10: EXPECTED RESULTS | F10: STEPS | H10: CLOSED
D11: COMMENTS
F17: BACK

Sheet TestScenario(208)
D9: TEST CASE | F9: TEST SCENARIO | H9: STATUS
D10: EXPECTED RESULTS | F10: STEPS | H10: CLOSED
D11: COMMENTS
F17: BACK

Sheet TestScenario(209)
D9: TEST CASE | F9: TEST SCENARIO | H9: STATUS
D10: EXPECTED RESULTS | F10: STEPS | H10: CLOSED
D11: COMMENTS
F17: BACK

Sheet TestScenario(210)
D9: TEST CASE | F9: TEST SCENARIO | H9: STATUS
D10: EXPECTED RESULTS | F10: STEPS | H10: CLOSED
D11: COMMENTS
F17: BACK

Sheet TestScenario(211)
D9: TEST CASE | F9: TEST SCENARIO | H9: STATUS
D10: EXPECTED RESULTS | F10: STEPS | H10: CLOSED
D11: COMMENTS
F17: BACK

Sheet TestScenario(212)
D9: TEST CASE | F9: TEST SCENARIO | H9: STATUS
D10: EXPECTED RESULTS | F10: STEPS | H10: CLOSED
D11: COMMENTS
F17: BACK

Sheet TestScenario(213)
D9: TEST CASE | F9: TEST SCENARIO | H9: STATUS
D10: EXPECTED RESULTS | F10: STEPS | H10: CLOSED
D11: COMMENTS
F17: BACK

Sheet TestScenario(214)
D9: TEST CASE | F9: TEST SCENARIO | H9: STATUS
D10: EXPECTED RESULTS | F10: STEPS | H10: CLOSED
D11: COMMENTS
F17: BACK

Sheet TestScenario(215)
D9: TEST CASE | F9: TEST SCENARIO | H9: STATUS
D10: EXPECTED RESULTS | F10: STEPS | H10: CLOSED
D11: COMMENTS
F17: BACK

Sheet TestScenario(216)
D9: TEST CASE | F9: TEST SCENARIO | H9: STATUS
D10: EXPECTED RESULTS | F10: STEPS | H10: CLOSED
D11: COMMENTS
F17: BACK

Sheet TestScenario(217)
D9: TEST CASE | F9: TEST SCENARIO | H9: STATUS
D10: EXPECTED RESULTS | F10: STEPS | H10: CLOSED
D11: COMMENTS
F17: BACK

Sheet TestScenario(218)
D9: TEST CASE | F9: TEST SCENARIO | H9: STATUS
D10: EXPECTED RESULTS | F10: STEPS | H10: CLOSED
D11: COMMENTS
F17: BACK

Sheet TestScenario(219)
D9: TEST CASE | F9: TEST SCENARIO | H9: STATUS
D10: EXPECTED RESULTS | F10: STEPS | H10: CLOSED
D11: COMMENTS
F17: BACK

Sheet TestScenario(220)
D9: TEST CASE | F9: TEST SCENARIO | H9: STATUS
D10: EXPECTED RESULTS | F10: STEPS | H10: CLOSED
D11: COMMENTS
F17: BACK

Sheet TestScenario(221)
D9: TEST CASE | F9: TEST SCENARIO | H9: STATUS
D10: EXPECTED RESULTS | F10: STEPS | H10: CLOSED
D11: COMMENTS
F17: BACK

Sheet TestScenario(222)
D9: TEST CASE | F9: TEST SCENARIO | H9: STATUS
D10: EXPECTED RESULTS | F10: STEPS | H10: CLOSED
D11: COMMENTS
F17: BACK

Sheet TestScenario(223)
D9: TEST CASE | F9: TEST SCENARIO | H9: STATUS
D10: EXPECTED RESULTS | F10: STEPS | H10: CLOSED
D11: COMMENTS
F17: BACK

Sheet TestScenario(224)
D9: TEST CASE | F9: TEST SCENARIO | H9: STATUS
D10: EXPECTED RESULTS | F10: STEPS | H10: CLOSED
D11: COMMENTS
F17: BACK

Sheet TestScenario(225)
D9: TEST CASE | F9: TEST SCENARIO | H9: STATUS
D10: EXPECTED RESULTS | F10: STEPS | H10: CLOSED
D11: COMMENTS
F17: BACK

Sheet TestScenario(226)
D9: TEST CASE | F9: TEST SCENARIO | H9: STATUS
D10: EXPECTED RESULTS | F10: STEPS | H10: CLOSED
D11: COMMENTS
F17: BACK

Sheet TestScenario(227)
D9: TEST CASE | F9: TEST SCENARIO | H9: STATUS
D10: EXPECTED RESULTS | F10: STEPS | H10: CLOSED
D11: COMMENTS
F17: BACK

Sheet TestScenario(228)
D9: TEST CASE | F9: TEST SCENARIO | H9: STATUS
D10: EXPECTED RESULTS | F10: STEPS | H10: CLOSED
D11: COMMENTS
F17: BACK

Sheet TestScenario(229)
D9: TEST CASE | F9: TEST SCENARIO | H9: STATUS
D10: EXPECTED RESULTS | F10: STEPS | H10: CLOSED
D11: COMMENTS
F17: BACK

Sheet TestScenario(230)
D9: TEST CASE | F9: TEST SCENARIO | H9: STATUS
D10: EXPECTED RESULTS | F10: STEPS | H10: CLOSED
D11: COMMENTS
F17: BACK

Sheet TestScenario(231)
D9: TEST CASE | F9: TEST SCENARIO | H9: STATUS
D10: EXPECTED RESULTS | F10: STEPS | H10: CLOSED
D11: COMMENTS
F17: BACK

Sheet TestScenario(232)
D9: TEST CASE | F9: TEST SCENARIO | H9: STATUS
D10: EXPECTED RESULTS | F10: STEPS | H10: CLOSED
D11: COMMENTS
F17: BACK

Sheet TestScenario(233)
D9: TEST CASE | F9: TEST SCENARIO | H9: STATUS
D10: EXPECTED RESULTS | F10: STEPS | H10: CLOSED
D11: COMMENTS
F17: BACK

Sheet TestScenario(234)
D9: TEST CASE | F9: TEST SCENARIO | H9: STATUS
D10: EXPECTED RESULTS | F10: STEPS | H10: CLOSED
D11: COMMENTS
F17: BACK

Sheet TestScenario(235)
D9: TEST CASE | F9: TEST SCENARIO | H9: STATUS
D10: EXPECTED RESULTS | F10: STEPS | H10: CLOSED
D11: COMMENTS
F17: BACK

Sheet TestScenario(236)
D9: TEST CASE | F9: TEST SCENARIO | H9: STATUS
D10: EXPECTED RESULTS | F10: STEPS | H10: CLOSED
D11: COMMENTS
F17: BACK

Sheet TestScenario(237)
D9: TEST CASE | F9: TEST SCENARIO | H9: STATUS
D10: EXPECTED RESULTS | F10: STEPS | H10: CLOSED
D11: COMMENTS
F17: BACK

Sheet TestScenario(238)
D9: TEST CASE | F9: TEST SCENARIO | H9: STATUS
D10: EXPECTED RESULTS | F10: STEPS | H10: CLOSED
D11: COMMENTS
F17: BACK

Sheet TestScenario(239)
D9: TEST CASE | F9: TEST SCENARIO | H9: STATUS
D10: EXPECTED RESULTS | F10: STEPS | H10: CLOSED
D11: COMMENTS
F17: BACK

Sheet TestScenario(240)
D9: TEST CASE | F9: TEST SCENARIO | H9: STATUS
D10: EXPECTED RESULTS | F10: STEPS | H10: CLOSED
D11: COMMENTS
F17: BACK

Sheet TestScenario(241)
D9: TEST CASE | F9: TEST SCENARIO | H9: STATUS
D10: EXPECTED RESULTS | F10: STEPS | H10: CLOSED
D11: COMMENTS
F17: BACK

Sheet TestScenario(242)
D9: TEST CASE | F9: TEST SCENARIO | H9: STATUS
D10: EXPECTED RESULTS | F10: STEPS | H10: CLOSED
D11: COMMENTS
F17: BACK

Sheet TestScenario(243)
D9: TEST CASE | F9: TEST SCENARIO | H9: STATUS
D10: EXPECTED RESULTS | F10: STEPS | H10: CLOSED
D11: COMMENTS
F17: BACK

Sheet TestScenario(244)
D9: TEST CASE | F9: TEST SCENARIO | H9: STATUS
D10: EXPECTED RESULTS | F10: STEPS | H10: CLOSED
D11: COMMENTS
F17: BACK

Sheet TestScenario(245)
D9: TEST CASE | F9: TEST SCENARIO | H9: STATUS
D10: EXPECTED RESULTS | F10: STEPS | H10: CLOSED
D11: COMMENTS
F17: BACK

Sheet TestScenario(246)
D9: TEST CASE | F9: TEST SCENARIO | H9: STATUS
D10: EXPECTED RESULTS | F10: STEPS | H10: CLOSED
D11: COMMENTS
F17: BACK

Sheet TestScenario(247)
D9: TEST CASE | F9: TEST SCENARIO | H9: STATUS
D10: EXPECTED RESULTS | F10: STEPS | H10: CLOSED
D11: COMMENTS
F17: BACK

Sheet TestScenario(248)
D9: TEST CASE | F9: TEST SCENARIO | H9: STATUS
D10: EXPECTED RESULTS | F10: STEPS | H10: CLOSED
D11: COMMENTS
F17: BACK

Sheet TestScenario(249)
D9: TEST CASE | F9: TEST SCENARIO | H9: STATUS
D10: EXPECTED RESULTS | F10: STEPS | H10: CLOSED
D11: COMMENTS
F17: BACK

Sheet TestScenario(250)
D9: TEST CASE | F9: TEST SCENARIO | H9: STATUS
D10: EXPECTED RESULTS | F10: STEPS | H10: CLOSED
D11: COMMENTS
F17: BACK

Sheet TestScenario(251)
D9: TEST CASE | F9: TEST SCENARIO | H9: STATUS
D10: EXPECTED RESULTS | F10: STEPS | H10: CLOSED
D11: COMMENTS
F17: BACK

Sheet TestScenario(252)
D9: TEST CASE | F9: TEST SCENARIO | H9: STATUS
D10: EXPECTED RESULTS | F10: STEPS | H10: CLOSED
D11: COMMENTS
F17: BACK

Sheet TestScenario(253)
D9: TEST CASE | F9: TEST SCENARIO | H9: STATUS
D10: EXPECTED RESULTS | F10: STEPS | H10: CLOSED
D11: COMMENTS
F17: BACK

Sheet TestScenario(254)
D9: TEST CASE | F9: TEST SCENARIO | H9: STATUS
D10: EXPECTED RESULTS | F10: STEPS | H10: CLOSED
D11: COMMENTS
F17: BACK

Sheet TestScenario(255)
D9: TEST CASE | F9: TEST SCENARIO | H9: STATUS
D10: EXPECTED RESULTS | F10: STEPS | H10: CLOSED
D11: COMMENTS
F17: BACK

Sheet TestScenario(256)
D9: TEST CASE | F9: TEST SCENARIO | H9: STATUS
D10: EXPECTED RESULTS | F10: STEPS | H10: CLOSED
D11: COMMENTS
F17: BACK

Sheet TestScenario(257)
D9: TEST CASE | F9: TEST SCENARIO | H9: STATUS
D10: EXPECTED RESULTS | F10: STEPS | H10: CLOSED
D11: COMMENTS
F17: BACK

Sheet TestScenario(258)
D9: TEST CASE | F9: TEST SCENARIO | H9: STATUS
D10: EXPECTED RESULTS | F10: STEPS | H10: CLOSED
D11: COMMENTS
F17: BACK

Sheet TestScenario(259)
D9: TEST CASE | F9: TEST SCENARIO | H9: STATUS
D10: EXPECTED RESULTS | F10: STEPS | H10: CLOSED
D11: COMMENTS
F17: BACK

Sheet TestScenario(260)
D9: TEST CASE | F9: TEST SCENARIO | H9: STATUS
D10: EXPECTED RESULTS | F10: STEPS | H10: CLOSED
D11: COMMENTS
F17: BACK

Sheet TestScenario(261)
D9: TEST CASE | F9: TEST SCENARIO | H9: STATUS
D10: EXPECTED RESULTS | F10: STEPS | H10: CLOSED
D11: COMMENTS
F17: BACK

Sheet TestScenario(262)
D9: TEST CASE | F9: TEST SCENARIO | H9: STATUS
D10: EXPECTED RESULTS | F10: STEPS | H10: CLOSED
D11: COMMENTS
F17: BACK

Sheet TestScenario(263)
D9: TEST CASE | F9: TEST SCENARIO | H9: STATUS
D10: EXPECTED RESULTS | F10: STEPS | H10: CLOSED
D11: COMMENTS
F17: BACK

Sheet TestScenario(264)
D9: TEST CASE | F9: TEST SCENARIO | H9: STATUS
D10: EXPECTED RESULTS | F10: STEPS | H10: CLOSED
D11: COMMENTS
F17: BACK

Sheet TestScenario(265)
D9: TEST CASE | F9: TEST SCENARIO | H9: STATUS
D10: EXPECTED RESULTS | F10: STEPS | H10: CLOSED
D11: COMMENTS
F17: BACK

Sheet TestScenario(266)
D9: TEST CASE | F9: TEST SCENARIO | H9: STATUS
D10: EXPECTED RESULTS | F10: STEPS | H10: CLOSED
D11: COMMENTS
F17: BACK

Sheet TestScenario(267)
D9: TEST CASE | F9: TEST SCENARIO | H9: STATUS
D10: EXPECTED RESULTS | F10: STEPS | H10: CLOSED
D11: COMMENTS
F17: BACK

Sheet TestScenario(268)
D9: TEST CASE | F9: TEST SCENARIO | H9: STATUS
D10: EXPECTED RESULTS | F10: STEPS | H10: CLOSED
D11: COMMENTS
F17: BACK

Sheet TestScenario(269)
D9: TEST CASE | F9: TEST SCENARIO | H9: STATUS
D10: EXPECTED RESULTS | F10: STEPS | H10: CLOSED
D11: COMMENTS
F17: BACK

Sheet TestScenario(270)
D9: TEST CASE | F9: TEST SCENARIO | H9: STATUS
D10: EXPECTED RESULTS | F10: STEPS | H10: CLOSED
D11: COMMENTS
F17: BACK

Sheet TestScenario(271)
D9: TEST CASE | F9: TEST SCENARIO | H9: STATUS
D10: EXPECTED RESULTS | F10: STEPS | H10: CLOSED
D11: COMMENTS
F17: BACK

Sheet TestScenario(272)
D9: TEST CASE | F9: TEST SCENARIO | H9: STATUS
D10: EXPECTED RESULTS | F10: STEPS | H10: CLOSED
D11: COMMENTS
F17: BACK

Sheet TestScenario(273)
D9: TEST CASE | F9: TEST SCENARIO | H9: STATUS
D10: EXPECTED RESULTS | F10: STEPS | H10: CLOSED
D11: COMMENTS
F17: BACK

Sheet TestScenario(274)
D9: TEST CASE | F9: TEST SCENARIO | H9: STATUS
D10: EXPECTED RESULTS | F10: STEPS | H10: CLOSED
D11: COMMENTS
F17: BACK

Sheet TestScenario(275)
D9: TEST CASE | F9: TEST SCENARIO | H9: STATUS
D10: EXPECTED RESULTS | F10: STEPS | H10: CLOSED
D11: COMMENTS
F17: BACK

Sheet TestScenario(276)
D9: TEST CASE | F9: TEST SCENARIO | H9: STATUS
D10: EXPECTED RESULTS | F10: STEPS | H10: CLOSED
D11: COMMENTS
F17: BACK

Sheet TestScenario(277)
D9: TEST CASE | F9: TEST SCENARIO | H9: STATUS
D10: EXPECTED RESULTS | F10: STEPS | H10: CLOSED
D11: COMMENTS
F17: BACK

Sheet TestScenario(278)
D9: TEST CASE | F9: TEST SCENARIO | H9: STATUS
D10: EXPECTED RESULTS | F10: STEPS | H10: CLOSED
D11: COMMENTS
F17: BACK

Sheet TestScenario(279)
D9: TEST CASE | F9: TEST SCENARIO | H9: STATUS
D10: EXPECTED RESULTS | F10: STEPS | H10: CLOSED
D11: COMMENTS
F17: BACK

Sheet TestScenario(280)
D9: TEST CASE | F9: TEST SCENARIO | H9: STATUS
D10: EXPECTED RESULTS | F10: STEPS | H10: CLOSED
D11: COMMENTS
F17: BACK

Sheet TestScenario(281)
D9: TEST CASE | F9: TEST SCENARIO | H9: STATUS
D10: EXPECTED RESULTS | F10: STEPS | H10: CLOSED
D11: COMMENTS
F17: BACK

Sheet TestScenario(282)
D9: TEST CASE | F9: TEST SCENARIO | H9: STATUS
D10: EXPECTED RESULTS | F10: STEPS | H10: CLOSED
D11: COMMENTS
F17: BACK

Sheet TestScenario(283)
D9: TEST CASE | F9: TEST SCENARIO | H9: STATUS
D10: EXPECTED RESULTS | F10: STEPS | H10: CLOSED
D11: COMMENTS
F17: BACK

Sheet TestScenario(284)
D9: TEST CASE | F9: TEST SCENARIO | H9: STATUS
D10: EXPECTED RESULTS | F10: STEPS | H10: CLOSED
D11: COMMENTS
F17: BACK

Sheet TestScenario(285)
D9: TEST CASE | F9: TEST SCENARIO | H9: STATUS
D10: EXPECTED RESULTS | F10: STEPS | H10: CLOSED
D11: COMMENTS
F17: BACK

Sheet TestScenario(286)
D9: TEST CASE | F9: TEST SCENARIO | H9: STATUS
D10: EXPECTED RESULTS | F10: STEPS | H10: CLOSED
D11: COMMENTS
F17: BACK

Sheet TestScenario(287)
D9: TEST CASE | F9: TEST SCENARIO | H9: STATUS
D10: EXPECTED RESULTS | F10: STEPS | H10: CLOSED
D11: COMMENTS
F17: BACK

Sheet TestScenario(288)
D9: TEST CASE | F9: TEST SCENARIO | H9: STATUS
D10: EXPECTED RESULTS | F10: STEPS | H10: CLOSED
D11: COMMENTS
F17: BACK

Sheet TestScenario(289)
D9: TEST CASE | F9: TEST SCENARIO | H9: STATUS
D10: EXPECTED RESULTS | F10: STEPS | H10: CLOSED
D11: COMMENTS
F17: BACK

Sheet TestScenario(290)
D9: TEST CASE | F9: TEST SCENARIO | H9: STATUS
D10: EXPECTED RESULTS | F10: STEPS | H10: CLOSED
D11: COMMENTS
F17: BACK

Sheet TestScenario(291)
D9: TEST CASE | F9: TEST SCENARIO | H9: STATUS
D10: EXPECTED RESULTS | F10: STEPS | H10: CLOSED
D11: COMMENTS
F17: BACK

Sheet TestScenario(292)
D9: TEST CASE | F9: TEST SCENARIO | H9: STATUS
D10: EXPECTED RESULTS | F10: STEPS | H10: CLOSED
D11: COMMENTS
F17: BACK

Sheet TestScenario(293)
D9: TEST CASE | F9: TEST SCENARIO | H9: STATUS
D10: EXPECTED RESULTS | F10: STEPS | H10: CLOSED
D11: COMMENTS
F17: BACK

Sheet TestScenario(294)
D9: TEST CASE | F9: TEST SCENARIO | H9: STATUS
D10: EXPECTED RESULTS | F10: STEPS | H10: CLOSED
D11: COMMENTS
F17: BACK

Sheet TestScenario(295)
D9: TEST CASE | F9: TEST SCENARIO | H9: STATUS
D10: EXPECTED RESULTS | F10: STEPS | H10: CLOSED
D11: COMMENTS
F17: BACK

Sheet TestScenario(296)
D9: TEST CASE | F9: TEST SCENARIO | H9: STATUS
D10: EXPECTED RESULTS | F10: STEPS | H10: CLOSED
D11: COMMENTS
F17: BACK

Sheet TestScenario(297)
D9: TEST CASE | F9: TEST SCENARIO | H9: STATUS
D10: EXPECTED RESULTS | F10: STEPS | H10: CLOSED
D11: COMMENTS
F17: BACK

Sheet TestScenario(298)
D9: TEST CASE | F9: TEST SCENARIO | H9: STATUS
D10: EXPECTED RESULTS | F10: STEPS | H10: CLOSED
D11: COMMENTS
F17: BACK

Sheet TestScenario(299)
D9: TEST CASE | F9: TEST SCENARIO | H9: STATUS
D10: EXPECTED RESULTS | F10: STEPS | H10: CLOSED
D11: COMMENTS
F17: BACK

Sheet TestScenario(300)
D9: TEST CASE | F9: TEST SCENARIO | H9: STATUS
D10: EXPECTED RESULTS | F10: STEPS | H10: CLOSED
D11: COMMENTS
F17: BACK

Sheet TestScenario(301)
D9: TEST CASE | F9: TEST SCENARIO | H9: STATUS
D10: EXPECTED RESULTS | F10: STEPS | H10: CLOSED
D11: COMMENTS
F17: BACK

Sheet TestScenario(302)
D9: TEST CASE | F9: TEST SCENARIO | H9: STATUS
D10: EXPECTED RESULTS | F10: STEPS | H10: CLOSED
D11: COMMENTS
F17: BACK

Sheet TestScenario(303)
D9: TEST CASE | F9: TEST SCENARIO | H9: STATUS
D10: EXPECTED RESULTS | F10: STEPS | H10: CLOSED
D11: COMMENTS
F17: BACK

Sheet TestScenario(304)
D9: TEST CASE | F9: TEST SCENARIO | H9: STATUS
D10: EXPECTED RESULTS | F10: STEPS | H10: CLOSED
D11: COMMENTS
F17: BACK

Sheet TestScenario(305)
D9: TEST CASE | F9: TEST SCENARIO | H9: STATUS
D10: EXPECTED RESULTS | F10: STEPS | H10: CLOSED
D11: COMMENTS
F17: BACK

Sheet TestScenario(306)
D9: TEST CASE | F9: TEST SCENARIO | H9: STATUS
D10: EXPECTED RESULTS | F10: STEPS | H10: CLOSED
D11: COMMENTS
F17: BACK

Sheet TestScenario(307)
D9: TEST CASE | F9: TEST SCENARIO | H9: STATUS
D10: EXPECTED RESULTS | F10: STEPS | H10: CLOSED
D11: COMMENTS
F17: BACK

Sheet TestScenario(308)
D9: TEST CASE | F9: TEST SCENARIO | H9: STATUS
D10: EXPECTED RESULTS | F10: STEPS | H10: CLOSED
D11: COMMENTS
F17: BACK

Sheet TestScenario(309)
D9: TEST CASE | F9: TEST SCENARIO | H9: STATUS
D10: EXPECTED RESULTS | F10: STEPS | H10: CLOSED
D11: COMMENTS
F17: BACK

Sheet TestScenario(310)
D9: TEST CASE | F9: TEST SCENARIO | H9: STATUS
D10: EXPECTED RESULTS | F10: STEPS | H10: CLOSED
D11: COMMENTS
F17: BACK

Sheet TestScenario(311)
D9: TEST CASE | F9: TEST SCENARIO | H9: STATUS
D10: EXPECTED RESULTS | F10: STEPS | H10: CLOSED
D11: COMMENTS
F17: BACK

Sheet TestScenario(312)
D9: TEST CASE | F9: TEST SCENARIO | H9: STATUS
D10: EXPECTED RESULTS | F10: STEPS | H10: CLOSED
D11: COMMENTS
F17: BACK

Sheet TestScenario(313)
D9: TEST CASE | F9: TEST SCENARIO | H9: STATUS
D10: EXPECTED RESULTS | F10: STEPS | H10: CLOSED
D11: COMMENTS
F17: BACK

Sheet TestScenario(314)
D9: TEST CASE | F9: TEST SCENARIO | H9: STATUS
D10: EXPECTED RESULTS | F10: STEPS | H10: CLOSED
D11: COMMENTS
F17: BACK

Sheet TestScenario(315)
D9: TEST CASE | F9: TEST SCENARIO | H9: STATUS
D10: EXPECTED RESULTS | F10: STEPS | H10: CLOSED
D11: COMMENTS
F17: BACK

Sheet TestScenario(316)
D9: TEST CASE | F9: TEST SCENARIO | H9: STATUS
D10: EXPECTED RESULTS | F10: STEPS | H10: CLOSED
D11: COMMENTS
F17: BACK

Sheet TestScenario(317)
D9: TEST CASE | F9: TEST SCENARIO | H9: STATUS
D10: EXPECTED RESULTS | F10: STEPS | H10: CLOSED
D11: COMMENTS
F17: BACK

Sheet TestScenario(318)
D9: TEST CASE | F9: TEST SCENARIO | H9: STATUS
D10: EXPECTED RESULTS | F10: STEPS | H10: CLOSED
D11: COMMENTS
F17: BACK

Sheet TestScenario(319)
D9: TEST CASE | F9: TEST SCENARIO | H9: STATUS
D10: EXPECTED RESULTS | F10: STEPS | H10: CLOSED
D11: COMMENTS
F17: BACK

Sheet TestScenario(320)
D9: TEST CASE | F9: TEST SCENARIO | H9: STATUS
D10: EXPECTED RESULTS | F10: STEPS | H10: CLOSED
D11: COMMENTS
F17: BACK

Sheet TestScenario(321)
D9: TEST CASE | F9: TEST SCENARIO | H9: STATUS
D10: EXPECTED RESULTS | F10: STEPS | H10: CLOSED
D11: COMMENTS
F17: BACK

Sheet TestScenario(322)
D9: TEST CASE | F9: TEST SCENARIO | H9: STATUS
D10: EXPECTED RESULTS | F10: STEPS | H10: CLOSED
D11: COMMENTS
F17: BACK

Sheet TestScenario(323)
D9: TEST CASE | F9: TEST SCENARIO | H9: STATUS
D10: EXPECTED RESULTS | F10: STEPS | H10: CLOSED
D11: COMMENTS
F17: BACK

Sheet TestScenario(324)
D9: TEST CASE | F9: TEST SCENARIO | H9: STATUS
D10: EXPECTED RESULTS | F10: STEPS | H10: CLOSED
D11: COMMENTS
F17: BACK

Sheet TestScenario(325)
D9: TEST CASE | F9: TEST SCENARIO | H9: STATUS
D10: EXPECTED RESULTS | F10: STEPS | H10: CLOSED
D11: COMMENTS
F17: BACK

Sheet TestScenario(326)
D9: TEST CASE | F9: TEST SCENARIO | H9: STATUS
D10: EXPECTED RESULTS | F10: STEPS | H10: CLOSED
D11: COMMENTS
F17: BACK

Sheet TestScenario(327)
D9: TEST CASE | F9: TEST SCENARIO | H9: STATUS
D10: EXPECTED RESULTS | F10: STEPS | H10: CLOSED
D11: COMMENTS
F17: BACK

Sheet TestScenario(328)
D9: TEST CASE | F9: TEST SCENARIO | H9: STATUS
D10: EXPECTED RESULTS | F10: STEPS | H10: CLOSED
D11: COMMENTS
F17: BACK

Sheet TestScenario(329)
D9: TEST CASE | F9: TEST SCENARIO | H9: STATUS
D10: EXPECTED RESULTS | F10: STEPS | H10: CLOSED
D11: COMMENTS
F17: BACK

Sheet TestScenario(330)
D9: TEST CASE | F9: TEST SCENARIO | H9: STATUS
D10: EXPECTED RESULTS | F10: STEPS | H10: CLOSED
D11: COMMENTS
F17: BACK

Sheet TestScenario(331)
D9: TEST CASE | F9: TEST SCENARIO | H9: STATUS
D10: EXPECTED RESULTS | F10: STEPS | H10: CLOSED
D11: COMMENTS
F17: BACK

Sheet TestScenario(332)
D9: TEST CASE | F9: TEST SCENARIO | H9: STATUS
D10: EXPECTED RESULTS | F10: STEPS | H10: CLOSED
D11: COMMENTS
F17: BACK

Sheet TestScenario(333)
D9: TEST CASE | F9: TEST SCENARIO | H9: STATUS
D10: EXPECTED RESULTS | F10: STEPS | H10: CLOSED
D11: COMMENTS
F17: BACK

Sheet TestScenario(334)
D9: TEST CASE | F9: TEST SCENARIO | H9: STATUS
D10: EXPECTED RESULTS | F10: STEPS | H10: CLOSED
D11: COMMENTS
F17: BACK

Sheet TestScenario(335)
D9: TEST CASE | F9: TEST SCENARIO | H9: STATUS
D10: EXPECTED RESULTS | F10: STEPS | H10: CLOSED
D11: COMMENTS
F17: BACK

Sheet TestScenario(336)
D9: TEST CASE | F9: TEST SCENARIO | H9: STATUS
D10: EXPECTED RESULTS | F10: STEPS | H10: CLOSED
D11: COMMENTS
F17: BACK

Sheet TestScenario(337)
D9: TEST CASE | F9: TEST SCENARIO | H9: STATUS
D10: EXPECTED RESULTS | F10: STEPS | H10: CLOSED
D11: COMMENTS
F17: BACK

Sheet TestScenario(338)
D9: TEST CASE | F9: TEST SCENARIO | H9: STATUS
D10: EXPECTED RESULTS | F10: STEPS | H10: CLOSED
D11: COMMENTS
F17: BACK

Sheet TestScenario(339)
D9: TEST CASE | F9: TEST SCENARIO | H9: STATUS
D10: EXPECTED RESULTS | F10: STEPS | H10: CLOSED
D11: COMMENTS
F17: BACK

Sheet TestScenario(340)
D9: TEST CASE | F9: TEST SCENARIO | H9: STATUS
D10: EXPECTED RESULTS | F10: STEPS | H10: CLOSED
D11: COMMENTS
F17: BACK

Sheet TestScenario(341)
D9: TEST CASE | F9: TEST SCENARIO | H9: STATUS
D10: EXPECTED RESULTS | F10: STEPS | H10: CLOSED
D11: COMMENTS
F17: BACK

Sheet TestScenario(342)
D9: TEST CASE | F9: TEST SCENARIO | H9: STATUS
D10: EXPECTED RESULTS | F10: STEPS | H10: CLOSED
D11: COMMENTS
F17: BACK

Sheet TestScenario(343)
D9: TEST CASE | F9: TEST SCENARIO | H9: STATUS
D10: EXPECTED RESULTS | F10: STEPS | H10: CLOSED
D11: COMMENTS
F17: BACK

Sheet TestScenario(344)
D9: TEST CASE | F9: TEST SCENARIO | H9: STATUS
D10: EXPECTED RESULTS | F10: STEPS | H10: CLOSED
D11: COMMENTS
F17: BACK

Sheet TestScenario(345)
D9: TEST CASE | F9: TEST SCENARIO | H9: STATUS
D10: EXPECTED RESULTS | F10: STEPS | H10: CLOSED
D11: COMMENTS
F17: BACK

Sheet TestScenario(346)
D9: TEST CASE | F9: TEST SCENARIO | H9: STATUS
D10: EXPECTED RESULTS | F10: STEPS | H10: CLOSED
D11: COMMENTS
F17: BACK

Sheet TestScenario(347)
D9: TEST CASE | F9: TEST SCENARIO | H9: STATUS
D10: EXPECTED RESULTS | F10: STEPS | H10: CLOSED
D11: COMMENTS
F17: BACK

Sheet TestScenario(348)
D9: TEST CASE | F9: TEST SCENARIO | H9: STATUS
D10: EXPECTED RESULTS | F10: STEPS | H10: CLOSED
D11: COMMENTS
F17: BACK

Sheet TestScenario(349)
D9: TEST CASE | F9: TEST SCENARIO | H9: STATUS
D10: EXPECTED RESULTS | F10: STEPS | H10: CLOSED
D11: COMMENTS
F17: BACK

Sheet TestScenario(350)
D9: TEST CASE | F9: TEST SCENARIO | H9: STATUS
D10: EXPECTED RESULTS | F10: STEPS | H10: CLOSED
D11: COMMENTS
F17: BACK

Sheet TestScenario(351)
D9: TEST CASE | F9: TEST SCENARIO | H9: STATUS
D10: EXPECTED RESULTS | F10: STEPS | H10: CLOSED
D11: COMMENTS
F17: BACK

Sheet TestScenario(352)
D9: TEST CASE | F9: TEST SCENARIO | H9: STATUS
D10: EXPECTED RESULTS | F10: STEPS | H10: CLOSED
D11: COMMENTS
F17: BACK

Sheet TestScenario(353)
D9: TEST CASE | F9: TEST SCENARIO | H9: STATUS
D10: EXPECTED RESULTS | F10: STEPS | H10: CLOSED
D11: COMMENTS
F17: BACK

Sheet TestScenario(354)
D9: TEST CASE | F9: TEST SCENARIO | H9: STATUS
D10: EXPECTED RESULTS | F10: STEPS | H10: CLOSED
D11: COMMENTS
F17: BACK

Sheet TestScenario(355)
D9: TEST CASE | F9: TEST SCENARIO | H9: STATUS
D10: EXPECTED RESULTS | F10: STEPS | H10: CLOSED
D11: COMMENTS
F17: BACK

Sheet TestScenario(356)
D9: TEST CASE | F9: TEST SCENARIO | H9: STATUS
D10: EXPECTED RESULTS | F10: STEPS | H10: CLOSED
D11: COMMENTS
F17: BACK

Sheet TestScenario(357)
D9: TEST CASE | F9: TEST SCENARIO | H9: STATUS
D10: EXPECTED RESULTS | F10: STEPS | H10: CLOSED
D11: COMMENTS
F17: BACK

Sheet TestScenario(358)
D9: TEST CASE | F9: TEST SCENARIO | H9: STATUS
D10: EXPECTED RESULTS | F10: STEPS | H10: CLOSED
D11: COMMENTS
F17: BACK

Sheet TestScenario(359)
D9: TEST CASE | F9: TEST SCENARIO | H9: STATUS
D10: EXPECTED RESULTS | F10: STEPS | H10: CLOSED
D11: COMMENTS
F17: BACK

Sheet TestScenario(360)
D9: TEST CASE | F9: TEST SCENARIO | H9: STATUS
D10: EXPECTED RESULTS | F10: STEPS | H10: CLOSED
D11: COMMENTS
F17: BACK

Sheet TestScenario(361)
D9: TEST CASE | F9: TEST SCENARIO | H9: STATUS
D10: EXPECTED RESULTS | F10: STEPS | H10: CLOSED
D11: COMMENTS
F17: BACK

Sheet TestScenario(362)
D9: TEST CASE | F9: TEST SCENARIO | H9: STATUS
D10: EXPECTED RESULTS | F10: STEPS | H10: CLOSED
D11: COMMENTS
F17: BACK

Sheet TestScenario(363)
D9: TEST CASE | F9: TEST SCENARIO | H9: STATUS
D10: EXPECTED RESULTS | F10: STEPS | H10: CLOSED
D11: COMMENTS
F17: BACK

Sheet TestScenario(364)
D9: TEST CASE | F9: TEST SCENARIO | H9: STATUS
D10: EXPECTED RESULTS | F10: STEPS | H10: CLOSED
D11: COMMENTS
F17: BACK

Sheet TestScenario(365)
D9: TEST CASE | F9: TEST SCENARIO | H9: STATUS
D10: EXPECTED RESULTS | F10: STEPS | H10: CLOSED
D11: COMMENTS
F17: BACK

Sheet TestScenario(366)
D9: TEST CASE | F9: TEST SCENARIO | H9: STATUS
D10: EXPECTED RESULTS | F10: STEPS | H10: CLOSED
D11: COMMENTS
F17: BACK

Sheet TestScenario(367)
D9: TEST CASE | F9: TEST SCENARIO | H9: STATUS
D10: EXPECTED RESULTS | F10: STEPS | H10: CLOSED
D11: COMMENTS
F17: BACK

Sheet TestScenario(368)
D9: TEST CASE | F9: TEST SCENARIO | H9: STATUS
D10: EXPECTED RESULTS | F10: STEPS | H10: CLOSED
D11: COMMENTS
F17: BACK

Sheet TestScenario(369)
D9: TEST CASE | F9: TEST SCENARIO | H9: STATUS
D10: EXPECTED RESULTS | F10: STEPS | H10: CLOSED
D11: COMMENTS
F17: BACK

Sheet TestScenario(370)
D9: TEST CASE | F9: TEST SCENARIO | H9: STATUS
D10: EXPECTED RESULTS | F10: STEPS | H10: CLOSED
D11: COMMENTS
F17: BACK

Sheet TestScenario(371)
D9: TEST CASE | F9: TEST SCENARIO | H9: STATUS
D10: EXPECTED RESULTS | F10: STEPS | H10: CLOSED
D11: COMMENTS
F17: BACK

Sheet TestScenario(372)
D9: TEST CASE | F9: TEST SCENARIO | H9: STATUS
D10: EXPECTED RESULTS | F10: STEPS | H10: CLOSED
D11: COMMENTS
F17: BACK

Sheet TestScenario(373)
D9: TEST CASE | F9: TEST SCENARIO | H9: STATUS
D10: EXPECTED RESULTS | F10: STEPS | H10: CLOSED
D11: COMMENTS
F17: BACK

Sheet TestScenario(374)
D9: TEST CASE | F9: TEST SCENARIO | H9: STATUS
D10: EXPECTED RESULTS | F10: STEPS | H10: CLOSED
D11: COMMENTS
F17: BACK

Sheet TestScenario(375)
D9: TEST CASE | F9: TEST SCENARIO | H9: STATUS
D10: EXPECTED RESULTS | F10: STEPS | H10: CLOSED
D11: COMMENTS
F17: BACK

Sheet TestScenario(376)
D9: TEST CASE | F9: TEST SCENARIO | H9: STATUS
D10: EXPECTED RESULTS | F10: STEPS | H10: CLOSED
D11: COMMENTS
F17: BACK

Sheet TestScenario(377)
D9: TEST CASE | F9: TEST SCENARIO | H9: STATUS
D10: EXPECTED RESULTS | F10: STEPS | H10: CLOSED
D11: COMMENTS
F17: BACK

Sheet TestScenario(378)
D9: TEST CASE | F9: TEST SCENARIO | H9: STATUS
D10: EXPECTED RESULTS | F10: STEPS | H10: CLOSED
D11: COMMENTS
F17: BACK

Sheet TestScenario(379)
D9: TEST CASE | F9: TEST SCENARIO | H9: STATUS
D10: EXPECTED RESULTS | F10: STEPS | H10: CLOSED
D11: COMMENTS
F17: BACK

Sheet TestScenario(380)
D9: TEST CASE | F9: TEST SCENARIO | H9: STATUS
D10: EXPECTED RESULTS | F10: STEPS | H10: CLOSED
D11: COMMENTS
F17: BACK

Sheet TestScenario(381)
D9: TEST CASE | F9: TEST SCENARIO | H9: STATUS
D10: EXPECTED RESULTS | F10: STEPS | H10: CLOSED
D11: COMMENTS
F17: BACK

Sheet TestScenario(382)
D9: TEST CASE | F9: TEST SCENARIO | H9: STATUS
D10: EXPECTED RESULTS | F10: STEPS | H10: CLOSED
D11: COMMENTS
F17: BACK

Sheet TestScenario(383)
D9: TEST CASE | F9: TEST SCENARIO | H9: STATUS
D10: EXPECTED RESULTS | F10: STEPS | H10: CLOSED
D11: COMMENTS
F17: BACK

Sheet TestScenario(384)
D9: TEST CASE | F9: TEST SCENARIO | H9: STATUS
D10: EXPECTED RESULTS | F10: STEPS | H10: CLOSED
D11: COMMENTS
F17: BACK

Sheet TestScenario(385)
D9: TEST CASE | F9: TEST SCENARIO | H9: STATUS
D10: EXPECTED RESULTS | F10: STEPS | H10: CLOSED
D11: COMMENTS
F17: BACK

Sheet TestScenario(386)
D9: TEST CASE | F9: TEST SCENARIO | H9: STATUS
D10: EXPECTED RESULTS | F10: STEPS | H10: CLOSED
D11: COMMENTS
F17: BACK

Sheet TestScenario(387)
D9: TEST CASE | F9: TEST SCENARIO | H9: STATUS
D10: EXPECTED RESULTS | F10: STEPS | H10: CLOSED
D11: COMMENTS
F17: BACK

Sheet TestScenario(388)
D9: TEST CASE | F9: TEST SCENARIO | H9: STATUS
D10: EXPECTED RESULTS | F10: STEPS | H10: CLOSED
D11: COMMENTS
F17: BACK

Sheet TestScenario(389)
D9: TEST CASE | F9: TEST SCENARIO | H9: STATUS
D10: EXPECTED RESULTS | F10: STEPS | H10: CLOSED
D11: COMMENTS
F17: BACK

Sheet TestScenario(390)
D9: TEST CASE | F9: TEST SCENARIO | H9: STATUS
D10: EXPECTED RESULTS | F10: STEPS | H10: CLOSED
D11: COMMENTS
F17: BACK

Sheet TestScenario(391)
D9: TEST CASE | F9: TEST SCENARIO | H9: STATUS
D10: EXPECTED RESULTS | F10: STEPS | H10: CLOSED
D11: COMMENTS
F17: BACK

Sheet TestScenario(392)
D9: TEST CASE | F9: TEST SCENARIO | H9: STATUS
D10: EXPECTED RESULTS | F10: STEPS | H10: CLOSED
D11: COMMENTS
F17: BACK

Sheet TestScenario(393)
D9: TEST CASE | F9: TEST SCENARIO | H9: STATUS
D10: EXPECTED RESULTS | F10: STEPS | H10: CLOSED
D11: COMMENTS
F17: BACK

Sheet TestScenario(394)
D9: TEST CASE | F9: TEST SCENARIO | H9: STATUS
D10: EXPECTED RESULTS | F10: STEPS | H10: CLOSED
D11: COMMENTS
F17: BACK

Sheet TestScenario(395)
D9: TEST CASE | F9: TEST SCENARIO | H9: STATUS
D10: EXPECTED RESULTS | F10: STEPS | H10: CLOSED
D11: COMMENTS
F17: BACK

Sheet TestScenario(396)
D9: TEST CASE | F9: TEST SCENARIO | H9: STATUS
D10: EXPECTED RESULTS | F10: STEPS | H10: CLOSED
D11: COMMENTS
F17: BACK

Sheet TestScenario(397)
D9: TEST CASE | F9: TEST SCENARIO | H9: STATUS
D10: EXPECTED RESULTS | F10: STEPS | H10: CLOSED
D11: COMMENTS
F17: BACK

Sheet TestScenario(398)
D9: TEST CASE | F9: TEST SCENARIO | H9: STATUS
D10: EXPECTED RESULTS | F10: STEPS | H10: CLOSED
D11: COMMENTS
F17: BACK

Sheet TestScenario(399)
D9: TEST CASE | F9: TEST SCENARIO | H9: STATUS
D10: EXPECTED RESULTS | F10: STEPS | H10: CLOSED
D11: COMMENTS
F17: BACK

Sheet TestScenario(400)
D9: TEST CASE | F9: TEST SCENARIO | H9: STATUS
D10: EXPECTED RESULTS | F10: STEPS | H10: CLOSED
D11: COMMENTS
F17: BACK

Sheet TestScenario(401)
D9: TEST CASE | F9: TEST SCENARIO | H9: STATUS
D10: EXPECTED RESULTS | F10: STEPS | H10: CLOSED
D11: COMMENTS
F17: BACK

Sheet TestScenario(402)
D9: TEST CASE | F9: TEST SCENARIO | H9: STATUS
D10: EXPECTED RESULTS | F10: STEPS | H10: CLOSED
D11: COMMENTS
F17: BACK

Sheet TestScenario(403)
D9: TEST CASE | F9: TEST SCENARIO | H9: STATUS
D10: EXPECTED RESULTS | F10: STEPS | H10: CLOSED
D11: COMMENTS
F17: BACK

Sheet TestScenario(404)
D9: TEST CASE | F9: TEST SCENARIO | H9: STATUS
D10: EXPECTED RESULTS | F10: STEPS | H10: CLOSED
D11: COMMENTS
F17: BACK

Sheet TestScenario(405)
D9: TEST CASE | F9: TEST SCENARIO | H9: STATUS
D10: EXPECTED RESULTS | F10: STEPS | H10: CLOSED
D11: COMMENTS
F17: BACK

Sheet TestScenario(406)
D9: TEST CASE | F9: TEST SCENARIO | H9: STATUS
D10: EXPECTED RESULTS | F10: STEPS | H10: CLOSED
D11: COMMENTS
F17: BACK

Sheet TestScenario(407)
D9: TEST CASE | F9: TEST SCENARIO | H9: STATUS
D10: EXPECTED RESULTS | F10: STEPS | H10: CLOSED
D11: COMMENTS
F17: BACK

Sheet TestScenario(408)
D9: TEST CASE | F9: TEST SCENARIO | H9: STATUS
D10: EXPECTED RESULTS | F10: STEPS | H10: CLOSED
D11: COMMENTS
F17: BACK

Sheet TestScenario(409)
D9: TEST CASE | F9: TEST SCENARIO | H9: STATUS
D10: EXPECTED RESULTS | F10: STEPS | H10: CLOSED
D11: COMMENTS
F17: BACK

Sheet TestScenario(410)
D9: TEST CASE | F9: TEST SCENARIO | H9: STATUS
D10: EXPECTED RESULTS | F10: STEPS | H10: CLOSED
D11: COMMENTS
F17: BACK

Sheet TestScenario(411)
D9: TEST CASE | F9: TEST SCENARIO | H9: STATUS
D10: EXPECTED RESULTS | F10: STEPS | H10: CLOSED
D11: COMMENTS
F17: BACK

Sheet TestScenario(412)
D9: TEST CASE | F9: TEST SCENARIO | H9: STATUS
D10: EXPECTED RESULTS | F10: STEPS | H10: CLOSED
D11: COMMENTS
F17: BACK

Sheet TestScenario(413)
D9: TEST CASE | F9: TEST SCENARIO | H9: STATUS
D10: EXPECTED RESULTS | F10: STEPS | H10: CLOSED
D11: COMMENTS
F17: BACK

Sheet TestScenario(414)
D9: TEST CASE | F9: TEST SCENARIO | H9: STATUS
D10: EXPECTED RESULTS | F10: STEPS | H10: CLOSED
D11: COMMENTS
F17: BACK

Sheet TestScenario(415)
D9: TEST CASE | F9: TEST SCENARIO | H9: STATUS
D10: EXPECTED RESULTS | F10: STEPS | H10: CLOSED
D11: COMMENTS
F17: BACK

Sheet TestScenario(416)
D9: TEST CASE | F9: TEST SCENARIO | H9: STATUS
D10: EXPECTED RESULTS | F10: STEPS | H10: CLOSED
D11: COMMENTS
F17: BACK

Sheet TestScenario(417)
D9: TEST CASE | F9: TEST SCENARIO | H9: STATUS
D10: EXPECTED RESULTS | F10: STEPS | H10: CLOSED
D11: COMMENTS
F17: BACK

Sheet TestScenario(418)
D9: TEST CASE | F9: TEST SCENARIO | H9: STATUS
D10: EXPECTED RESULTS | F10: STEPS | H10: CLOSED
D11: COMMENTS
F17: BACK

Sheet TestScenario(419)
D9: TEST CASE | F9: TEST SCENARIO | H9: STATUS
D10: EXPECTED RESULTS | F10: STEPS | H10: CLOSED
D11: COMMENTS
F17: BACK

Sheet TestScenario(420)
D9: TEST CASE | F9: TEST SCENARIO | H9: STATUS
D10: EXPECTED RESULTS | F10: STEPS | H10: CLOSED
D11: COMMENTS
F17: BACK

Sheet TestScenario(421)
D9: TEST CASE | F9: TEST SCENARIO | H9: STATUS
D10: EXPECTED RESULTS | F10: STEPS | H10: CLOSED
D11: COMMENTS
F17: BACK

Sheet TestScenario(422)
D9: TEST CASE | F9: TEST SCENARIO | H9: STATUS
D10: EXPECTED RESULTS | F10: STEPS | H10: CLOSED
D11: COMMENTS
F17: BACK

Sheet TestScenario(423)
D9: TEST CASE | F9: TEST SCENARIO | H9: STATUS
D10: EXPECTED RESULTS | F10: STEPS | H10: CLOSED
D11: COMMENTS
F17: BACK

Sheet TestScenario(424)
D9: TEST CASE | F9: TEST SCENARIO | H9: STATUS
D10: EXPECTED RESULTS | F10: STEPS | H10: CLOSED
D11: COMMENTS
F17: BACK

Sheet TestScenario(425)
D9: TEST CASE | F9: TEST SCENARIO | H9: STATUS
D10: EXPECTED RESULTS | F10: STEPS | H10: CLOSED
D11: COMMENTS
F17: BACK

Sheet TestScenario(426)
D9: TEST CASE | F9: TEST SCENARIO | H9: STATUS
D10: EXPECTED RESULTS | F10: STEPS | H10: CLOSED
D11: COMMENTS
F17: BACK

Sheet TestScenario(427)
D9: TEST CASE | F9: TEST SCENARIO | H9: STATUS
D10: EXPECTED RESULTS | F10: STEPS | H10: CLOSED
D11: COMMENTS
F17: BACK

Sheet TestScenario(428)
D9: TEST CASE | F9: TEST SCENARIO | H9: STATUS
D10: EXPECTED RESULTS | F10: STEPS | H10: CLOSED
D11: COMMENTS
F17: BACK

Sheet TestScenario(429)
D9: TEST CASE | F9: TEST SCENARIO | H9: STATUS
D10: EXPECTED RESULTS | F10: STEPS | H10: CLOSED
D11: COMMENTS
F17: BACK

Sheet TestScenario(430)
D9: TEST CASE | F9: TEST SCENARIO | H9: STATUS
D10: EXPECTED RESULTS | F10: STEPS | H10: CLOSED
D11: COMMENTS
F17: BACK

Sheet TestScenario(431)
D9: TEST CASE | F9: TEST SCENARIO | H9: STATUS
D10: EXPECTED RESULTS | F10: STEPS | H10: CLOSED
D11: COMMENTS
F17: BACK

Sheet TestScenario(432)
D9: TEST CASE | F9: TEST SCENARIO | H9: STATUS
D10: EXPECTED RESULTS | F10: STEPS | H10: CLOSED
D11: COMMENTS
F17: BACK

Sheet TestScenario(433)
D9: TEST CASE | F9: TEST SCENARIO | H9: STATUS
D10: EXPECTED RESULTS | F10: STEPS | H10: CLOSED
D11: COMMENTS
F17: BACK

Sheet TestScenario(434)
D9: TEST CASE | F9: TEST SCENARIO | H9: STATUS
D10: EXPECTED RESULTS | F10: STEPS | H10: CLOSED
D11: COMMENTS
F17: BACK

Sheet TestScenario(435)
D9: TEST CASE | F9: TEST SCENARIO | H9: STATUS
D10: EXPECTED RESULTS | F10: STEPS | H10: CLOSED
D11: COMMENTS
F17: BACK

Sheet TestScenario(436)
D9: TEST CASE | F9: TEST SCENARIO | H9: STATUS
D10: EXPECTED RESULTS | F10: STEPS | H10: CLOSED
D11: COMMENTS
F17: BACK

Sheet TestScenario(437)
D9: TEST CASE | F9: TEST SCENARIO | H9: STATUS
D10: EXPECTED RESULTS | F10: STEPS | H10: CLOSED
D11: COMMENTS
F17: BACK

Sheet TestScenario(438)
D9: TEST CASE | F9: TEST SCENARIO | H9: STATUS
D10: EXPECTED RESULTS | F10: STEPS | H10: CLOSED
D11: COMMENTS
F17: BACK

Sheet TestScenario(439)
D9: TEST CASE | F9: TEST SCENARIO | H9: STATUS
D10: EXPECTED RESULTS | F10: STEPS | H10: CLOSED
D11: COMMENTS
F17: BACK

Sheet TestScenario(440)
D9: TEST CASE | F9: TEST SCENARIO | H9: STATUS
D10: EXPECTED RESULTS | F10: STEPS | H10: CLOSED
D11: COMMENTS
F17: BACK

Sheet TestScenario(441)
D9: TEST CASE | F9: TEST SCENARIO | H9: STATUS
D10: EXPECTED RESULTS | F10: STEPS | H10: CLOSED
D11: COMMENTS
F17: BACK

Sheet TestScenario(442)
D9: TEST CASE | F9: TEST SCENARIO | H9: STATUS
D10: EXPECTED RESULTS | F10: STEPS | H10: CLOSED
D11: COMMENTS
F17: BACK

Sheet TestScenario(443)
D9: TEST CASE | F9: TEST SCENARIO | H9: STATUS
D10: EXPECTED RESULTS | F10: STEPS | H10: CLOSED
D11: COMMENTS
F17: BACK

Sheet TestScenario(444)
D9: TEST CASE | F9: TEST SCENARIO | H9: STATUS
D10: EXPECTED RESULTS | F10: STEPS | H10: CLOSED
D11: COMMENTS
F17: BACK

Sheet TestScenario(445)
D9: TEST CASE | F9: TEST SCENARIO | H9: STATUS
D10: EXPECTED RESULTS | F10: STEPS | H10: CLOSED
D11: COMMENTS
F17: BACK

Sheet TestScenario(446)
D9: TEST CASE | F9: TEST SCENARIO | H9: STATUS
D10: EXPECTED RESULTS | F10: STEPS | H10: CLOSED
D11: COMMENTS
F17: BACK

Sheet TestScenario(447)
D9: TEST CASE | F9: TEST SCENARIO | H9: STATUS
D10: EXPECTED RESULTS | F10: STEPS | H10: CLOSED
D11: COMMENTS
F17: BACK

Sheet TestScenario(448)
D9: TEST CASE | F9: TEST SCENARIO | H9: STATUS
D10: EXPECTED RESULTS | F10: STEPS | H10: CLOSED
D11: COMMENTS
F17: BACK

Sheet TestScenario(449)
D9: TEST CASE | F9: TEST SCENARIO | H9: STATUS
D10: EXPECTED RESULTS | F10: STEPS | H10: CLOSED
D11: COMMENTS
F17: BACK

Sheet TestScenario(450)
D9: TEST CASE | F9: TEST SCENARIO | H9: STATUS
D10: EXPECTED RESULTS | F10: STEPS | H10: CLOSED
D11: COMMENTS
F17: BACK

Sheet TestScenario(451)
D9: TEST CASE | F9: TEST SCENARIO | H9: STATUS
D10: EXPECTED RESULTS | F10: STEPS | H10: CLOSED
D11: COMMENTS
F17: BACK

Sheet TestScenario(452)
D9: TEST CASE | F9: TEST SCENARIO | H9: STATUS
D10: EXPECTED RESULTS | F10: STEPS | H10: CLOSED
D11: COMMENTS
F17: BACK

Sheet TestScenario(453)
D9: TEST CASE | F9: TEST SCENARIO | H9: STATUS
D10: EXPECTED RESULTS | F10: STEPS | H10: CLOSED
D11: COMMENTS
F17: BACK

Sheet TestScenario(454)
D9: TEST CASE | F9: TEST SCENARIO | H9: STATUS
D10: EXPECTED RESULTS | F10: STEPS | H10: CLOSED
D11: COMMENTS
F17: BACK

Sheet TestScenario(455)
D9: TEST CASE | F9: TEST SCENARIO | H9: STATUS
D10: EXPECTED RESULTS | F10: STEPS | H10: CLOSED
D11: COMMENTS
F17: BACK

Sheet TestScenario(456)
D9: TEST CASE | F9: TEST SCENARIO | H9: STATUS
D10: EXPECTED RESULTS | F10: STEPS | H10: CLOSED
D11: COMMENTS
F17: BACK

Sheet TestScenario(457)
D9: TEST CASE | F9: TEST SCENARIO | H9: STATUS
D10: EXPECTED RESULTS | F10: STEPS | H10: CLOSED
D11: COMMENTS
F17: BACK

Sheet TestScenario(458)
D9: TEST CASE | F9: TEST SCENARIO | H9: STATUS
D10: EXPECTED RESULTS | F10: STEPS | H10: CLOSED
D11: COMMENTS
F17: BACK

Sheet TestScenario(459)
D9: TEST CASE | F9: TEST SCENARIO | H9: STATUS
D10: EXPECTED RESULTS | F10: STEPS | H10: CLOSED
D11: COMMENTS
F17: BACK

Sheet TestScenario(460)
D9: TEST CASE | F9: TEST SCENARIO | H9: STATUS
D10: EXPECTED RESULTS | F10: STEPS | H10: CLOSED
D11: COMMENTS
F17: BACK

Sheet TestScenario(461)
D9: TEST CASE | F9: TEST SCENARIO | H9: STATUS
D10: EXPECTED RESULTS | F10: STEPS | H10: CLOSED
D11: COMMENTS
F17: BACK

Sheet TestScenario(462)
D9: TEST CASE | F9: TEST SCENARIO | H9: STATUS
D10: EXPECTED RESULTS | F10: STEPS | H10: CLOSED
D11: COMMENTS
F17: BACK

Sheet TestScenario(463)
D9: TEST CASE | F9: TEST SCENARIO | H9: STATUS
D10: EXPECTED RESULTS | F10: STEPS | H10: CLOSED
D11: COMMENTS
F17: BACK

Sheet TestScenario(464)
D9: TEST CASE | F9: TEST SCENARIO | H9: STATUS
D10: EXPECTED RESULTS | F10: STEPS | H10: CLOSED
D11: COMMENTS
F17: BACK

Sheet TestScenario(465)
D9: TEST CASE | F9: TEST SCENARIO | H9: STATUS
D10: EXPECTED RESULTS | F10: STEPS | H10: CLOSED
D11: COMMENTS
F17: BACK

Sheet TestScenario(466)
D9: TEST CASE | F9: TEST SCENARIO | H9: STATUS
D10: EXPECTED RESULTS | F10: STEPS | H10: CLOSED
D11: COMMENTS
F17: BACK

Sheet TestScenario(467)
D9: TEST CASE | F9: TEST SCENARIO | H9: STATUS
D10: EXPECTED RESULTS | F10: STEPS | H10: CLOSED
D11: COMMENTS
F17: BACK

Sheet TestScenario(468)
D9: TEST CASE | F9: TEST SCENARIO | H9: STATUS
D10: EXPECTED RESULTS | F10: STEPS | H10: CLOSED
D11: COMMENTS
F17: BACK

Sheet TestScenario(469)
D9: TEST CASE | F9: TEST SCENARIO | H9: STATUS
D10: EXPECTED RESULTS | F10: STEPS | H10: CLOSED
D11: COMMENTS
F17: BACK

Sheet TestScenario(470)
D9: TEST CASE | F9: TEST SCENARIO | H9: STATUS
D10: EXPECTED RESULTS | F10: STEPS | H10: CLOSED
D11: COMMENTS
F17: BACK

Sheet TestScenario(471)
D9: TEST CASE | F9: TEST SCENARIO | H9: STATUS
D10: EXPECTED RESULTS | F10: STEPS | H10: CLOSED
D11: COMMENTS
F17: BACK

Sheet TestScenario(472)
D9: TEST CASE | F9: TEST SCENARIO | H9: STATUS
D10: EXPECTED RESULTS | F10: STEPS | H10: CLOSED
D11: COMMENTS
F17: BACK

Sheet TestScenario(473)
D9: TEST CASE | F9: TEST SCENARIO | H9: STATUS
D10: EXPECTED RESULTS | F10: STEPS | H10: CLOSED
D11: COMMENTS
F17: BACK

Sheet TestScenario(474)
D9: TEST CASE | F9: TEST SCENARIO | H9: STATUS
D10: EXPECTED RESULTS | F10: STEPS | H10: CLOSED
D11: COMMENTS
F17: BACK

Sheet TestScenario(475)
D9: TEST CASE | F9: TEST SCENARIO | H9: STATUS
D10: EXPECTED RESULTS | F10: STEPS | H10: CLOSED
D11: COMMENTS
F17: BACK

Sheet TestScenario(476)
D9: TEST CASE | F9: TEST SCENARIO | H9: STATUS
D10: EXPECTED RESULTS | F10: STEPS | H10: CLOSED
D11: COMMENTS
F17: BACK

Sheet TestScenario(477)
D9: TEST CASE | F9: TEST SCENARIO | H9: STATUS
D10: EXPECTED RESULTS | F10: STEPS | H10: CLOSED
D11: COMMENTS
F17: BACK

Sheet TestScenario(478)
D9: TEST CASE | F9: TEST SCENARIO | H9: STATUS
D10: EXPECTED RESULTS | F10: STEPS | H10: CLOSED
D11: COMMENTS
F17: BACK

Sheet TestScenario(479)
D9: TEST CASE | F9: TEST SCENARIO | H9: STATUS
D10: EXPECTED RESULTS | F10: STEPS | H10: CLOSED
D11: COMMENTS
F17: BACK

Sheet TestScenario(480)
D9: TEST CASE | F9: TEST SCENARIO | H9: STATUS
D10: EXPECTED RESULTS | F10: STEPS | H10: CLOSED
D11: COMMENTS
F17: BACK

Sheet TestScenario(481)
D9: TEST CASE | F9: TEST SCENARIO | H9: STATUS
D10: EXPECTED RESULTS | F10: STEPS | H10: CLOSED
D11: COMMENTS
F17: BACK

Sheet TestScenario(482)
D9: TEST CASE | F9: TEST SCENARIO | H9: STATUS
D10: EXPECTED RESULTS | F10: STEPS | H10: CLOSED
D11: COMMENTS
F17: BACK

Sheet TestScenario(483)
D9: TEST CASE | F9: TEST SCENARIO | H9: STATUS
D10: EXPECTED RESULTS | F10: STEPS | H10: CLOSED
D11: COMMENTS
F17: BACK

Sheet TestScenario(484)
D9: TEST CASE | F9: TEST SCENARIO | H9: STATUS
D10: EXPECTED RESULTS | F10: STEPS | H10: CLOSED
D11: COMMENTS
F17: BACK

Sheet TestScenario(485)
D9: TEST CASE | F9: TEST SCENARIO | H9: STATUS
D10: EXPECTED RESULTS | F10: STEPS | H10: CLOSED
D11: COMMENTS
F17: BACK

Sheet TestScenario(486)
D9: TEST CASE | F9: TEST SCENARIO | H9: STATUS
D10: EXPECTED RESULTS | F10: STEPS | H10: CLOSED
D11: COMMENTS
F17: BACK

Sheet TestScenario(487)
D9: TEST CASE | F9: TEST SCENARIO | H9: STATUS
D10: EXPECTED RESULTS | F10: STEPS | H10: CLOSED
D11: COMMENTS
F17: BACK

Sheet TestScenario(488)
D9: TEST CASE | F9: TEST SCENARIO | H9: STATUS
D10: EXPECTED RESULTS | F10: STEPS | H10: CLOSED
D11: COMMENTS
F17: BACK

Sheet TestScenario(489)
D9: TEST CASE | F9: TEST SCENARIO | H9: STATUS
D10: EXPECTED RESULTS | F10: STEPS | H10: CLOSED
D11: COMMENTS
F17: BACK

Sheet TestScenario(490)
D9: TEST CASE | F9: TEST SCENARIO | H9: STATUS
D10: EXPECTED RESULTS | F10: STEPS | H10: CLOSED
D11: COMMENTS
F17: BACK

Sheet TestScenario(491)
D9: TEST CASE | F9: TEST SCENARIO | H9: STATUS
D10: EXPECTED RESULTS | F10: STEPS | H10: CLOSED
D11: COMMENTS
F17: BACK

Sheet TestScenario(492)
D9: TEST CASE | F9: TEST SCENARIO | H9: STATUS
D10: EXPECTED RESULTS | F10: STEPS | H10: CLOSED
D11: COMMENTS
F17: BACK

Sheet TestScenario(493)
D9: TEST CASE | F9: TEST SCENARIO | H9: STATUS
D10: EXPECTED RESULTS | F10: STEPS | H10: CLOSED
D11: COMMENTS
F17: BACK

Sheet TestScenario(494)
D9: TEST CASE | F9: TEST SCENARIO | H9: STATUS
D10: EXPECTED RESULTS | F10: STEPS | H10: CLOSED
D11: COMMENTS
F17: BACK

Sheet TestScenario(495)
D9: TEST CASE | F9: TEST SCENARIO | H9: STATUS
D10: EXPECTED RESULTS | F10: STEPS | H10: CLOSED
D11: COMMENTS
F17: BACK

Sheet TestScenario(496)
D9: TEST CASE | F9: TEST SCENARIO | H9: STATUS
D10: EXPECTED RESULTS | F10: STEPS | H10: CLOSED
D11: COMMENTS
F17: BACK

Sheet TestScenario(497)
D9: TEST CASE | F9: TEST SCENARIO | H9: STATUS
D10: EXPECTED RESULTS | F10: STEPS | H10: CLOSED
D11: COMMENTS
F17: BACK

Sheet TestScenario(498)
D9: TEST CASE | F9: TEST SCENARIO | H9: STATUS
D10: EXPECTED RESULTS | F10: STEPS | H10: CLOSED
D11: COMMENTS
F17: BACK

Sheet TestScenario(499)
D9: TEST CASE | F9: TEST SCENARIO | H9: STATUS
D10: EXPECTED RESULTS | F10: STEPS | H10: CLOSED
D11: COMMENTS
F17: BACK

Sheet TestScenario(500)
D9: TEST CASE | F9: TEST SCENARIO | H9: STATUS
D10: EXPECTED RESULTS | F10: STEPS | H10: CLOSED
D11: COMMENTS
F17: BACK
